participant_id,session_id,window_start,window_end,ema_score,ema_timestamp,label,hr_mean,hr_std,hr_min,hr_max,hr_range,hr_median,hr_iqr,hr_rms,hr_slope_bpm_per_second,hr_mean_abs_change,hr_rmssd_bpm,accel_x_mean,accel_x_std,accel_x_min,accel_x_max,accel_x_range,accel_x_median,accel_x_iqr,accel_x_rms,accel_y_mean,accel_y_std,accel_y_min,accel_y_max,accel_y_range,accel_y_median,accel_y_iqr,accel_y_rms,accel_z_mean,accel_z_std,accel_z_min,accel_z_max,accel_z_range,accel_z_median,accel_z_iqr,accel_z_rms,accel_mag_mean,accel_mag_std,accel_mag_min,accel_mag_max,accel_mag_range,accel_mag_median,accel_mag_iqr,accel_mag_rms,dynamic_accel_mag_mean,dynamic_accel_mag_std,dynamic_accel_mag_min,dynamic_accel_mag_max,dynamic_accel_mag_range,dynamic_accel_mag_median,dynamic_accel_mag_iqr,dynamic_accel_mag_rms,jerk_mean,jerk_std,jerk_min,jerk_max,jerk_range,jerk_median,jerk_iqr,jerk_rms,accel_mag_spectral_energy,accel_mag_dominant_frequency_hz,accel_mag_spectral_entropy,jerk_spectral_energy,jerk_dominant_frequency_hz,jerk_spectral_entropy,signal_magnitude_area,stillness_fraction,high_motion_fraction,accel_corr_xy,accel_corr_xz,accel_corr_yz,window_missing_fraction,pre_fill_missing_fraction
participant-01,demo-session-segment-0,2026-01-01 12:00:45+00:00,2026-01-01 12:01:14.900000+00:00,10.0,2026-01-01 12:03:07.200000+00:00,1,69.75392231553845,2.0988417238681,66.82964061013107,74.2881124205502,7.458471810419141,68.93641147447606,3.9293448000268256,69.78538622946367,0.23601443342159686,0.1133307460164619,0.2005508089871296,0.0019276118875314041,0.028135855457162764,-0.06800884557630532,0.08211017654776621,0.15011902212407152,0.0013061442501148181,0.041468515270131755,0.028154987042339173,-0.0011331797080868118,0.028380803307800077,-0.0954130937904136,0.08836692934171042,0.18378002313212402,-0.00041987172010984376,0.03746855967566712,0.028356113849730337,0.9995708357740463,0.029189619763397776,0.8983585403503799,1.1018164547274996,0.2034579143771197,0.999036224456344,0.0359361321466487,0.9999955247494616,1.0003690711875481,0.02919562810870564,0.8994928908269457,1.102210124020662,0.20271723319371637,0.999391934839936,0.035812152222086335,1.0007935961060923,0.000977136347612178,0.02919562810870564,-0.09989904401299032,0.10281818918072605,0.20271723319371637,5.551115123125783e-17,0.03581215222208631,0.029163302518201335,-0.0004998267343568911,0.34917857130672747,-1.2332870226078563,0.8983411218513715,2.1316281444592278,0.010939158781069214,0.4295367366378669,0.34859647957350204,0.12743151468732444,0.3333333333333333,0.87604155563005,18.227915830369913,3.7333333333333334,0.8097949994451382,1.0447566009628304,0.9133333333333333,0.0,-0.10121993468599177,-0.03849799746519497,-0.04721990186104947,0.0,0.0008333333333333334
participant-01,demo-session-segment-0,2026-01-01 12:01:00+00:00,2026-01-01 12:01:29.900000+00:00,10.0,2026-01-01 12:03:07.200000+00:00,1,71.74462513728352,1.3251459621236727,68.55615278161088,74.2881124205502,5.73195963893933,71.85229694933898,1.8234595832855547,71.75682124047532,0.007709296456556384,0.10941913368128516,0.1897671736921398,-0.0005875069727824749,0.029833257409436747,-0.16262198766664407,0.08075611305109502,0.24337810071773908,-0.0009920106632529328,0.036904625842007766,0.02978928780521484,-0.00021481805303013936,0.028404468918880436,-0.0954130937904136,0.08836692934171042,0.18378002313212402,0.0010220184098100747,0.03856137574502026,0.02835790228215656,1.000687498575016,0.028783576951559097,0.9296506174169332,1.1018164547274996,0.17216583731056634,1.000305103858151,0.03688990156260652,1.0010999962335307,1.001529637524178,0.02887801427171554,0.9306332257949632,1.102210124020662,0.17157689822569888,1.0008964971715817,0.03732224286559849,1.0019444968402997,0.0006331403525965136,0.02887801427171554,-0.07026327137661847,0.10131362684908041,0.17157689822569888,-1.1102230246251565e-16,0.03732224286559849,0.028836795521623083,-0.0005851313546456567,0.3623539691107083,-0.878290553125235,0.9727394882911744,1.8510300414164094,0.008982336589328233,0.45646383761623943,0.36175001494478487,0.12467695903565797,1.5333333333333332,0.8559809651162169,19.63015582428571,3.5,0.800830126314346,1.0461077710171602,0.9066666666666666,0.0,-0.0634305218052415,0.047291950641692136,-0.03469322361716659,0.0,0.0008333333333333334
participant-01,demo-session-segment-0,2026-01-01 12:01:15+00:00,2026-01-01 12:01:44.900000+00:00,10.0,2026-01-01 12:03:07.200000+00:00,1,70.8785664118728,1.5544798666367166,67.91188402617715,74.2881124205502,6.376228394373058,70.55577163949046,2.3844731963193055,70.89555366569793,-0.12445006251322303,0.09269979695332822,0.1616005535030996,0.007680380130317032,0.13976027589559878,-0.4817403286325999,0.7617793325756163,1.2435196612082162,0.0033217162242232517,0.0534936541643979,0.13973837402433645,0.006462761259272064,0.11749291608939019,-0.5037701131874597,0.4564955813779251,0.9602656945653848,0.001816306950210751,0.051635008951103886,0.11747483700710351,1.00245321018763,0.10044740986762798,0.6146151137966775,1.3956630998565114,0.7810479860598338,0.9995080356099111,0.050536700125831446,1.0074564449596666,1.0183906346579898,0.10589396903855922,0.6611239833037977,1.5374249701009137,0.876300986797116,1.0019897592337164,0.05195978182242078,1.023863095826576,0.016400875424273497,0.10589396903855922,-0.3408657759299186,0.5354352108671974,0.876300986797116,-1.1102230246251565e-16,0.0519597818224207,0.10698197488904107,0.006243651883748291,1.2210615510026746,-4.525414340612487,5.205815936989925,9.731230277602412,0.004916113389742405,0.6787293565354766,1.2190407390600662,1.6767686179001962,0.03333333333333333,0.8688217699754374,222.99038798448098,3.1333333333333333,0.8332353384248188,1.1405073641654775,0.7066666666666667,0.0033333333333333335,-0.21388022587150318,0.11125387405478654,-0.17546585180843532,0.0,0.0016666666666666668
participant-01,demo-session-segment-0,2026-01-01 12:01:30+00:00,2026-01-01 12:01:59.900000+00:00,10.0,2026-01-01 12:03:07.200000+00:00,1,71.79667674313755,2.3603325964662663,67.91188402617715,76.91514088524538,9.00325685906823,71.20754305520165,3.8540249119350563,71.83533525193556,0.2552423963471521,0.08218354002291782,0.15785811803279856,0.024760797939020772,0.226697241890229,-0.6127654491251986,0.7617793325756163,1.374544781700815,0.011425434425364488,0.24304608569404407,0.22766956566541469,0.0032514490819897236,0.20042534133566992,-0.6747223752670715,0.5886526956234512,1.2633750708905227,0.0017771794408973328,0.22757041046775517,0.2001174363030056,0.9964657157119351,0.17436582774375872,0.5399057940695816,1.5773524067835907,1.037446612714009,0.9972132136345633,0.19699993674831517,1.011556236532494,1.0417943577943711,0.17288895418725406,0.608033507721742,1.608607794454652,1.00057428673291,1.016775284698948,0.20453592232473083,1.0559954730540035,0.0250190730954232,0.17288895418725406,-0.40874177697720593,0.591832509755704,1.00057428673291,-1.1102230246251565e-16,0.20453592232473086,0.17440444144836645,0.005184926864108607,1.9784062198018229,-5.171496930240096,5.205815936989925,10.377312867230021,-0.01807835808624203,2.345143220895707,1.975112929290025,4.470292702239873,0.43333333333333335,0.8472278408893339,585.9235934888336,2.6,0.8150121004652823,1.3099124811423668,0.35333333333333333,0.01,-0.075712086289401,0.0006522063098549971,-0.1028340883494982,0.0,0.0008333333333333334
participant-01,demo-session-segment-0,2026-01-01 12:01:45+00:00,2026-01-01 12:02:14.900000+00:00,10.0,2026-01-01 12:03:07.200000+00:00,1,77.50278306063194,4.309649120273014,70.94072083894125,84.94091719124603,14.000196352304783,76.60566410418099,8.364825872769813,77.62211377842947,0.49145705551279756,0.10150341682258886,0.20097121905351945,0.014161667725508004,0.25980410858355546,-0.6351586840173324,0.6946166229065405,1.329775306923873,0.0133096827026873,0.34209180998244015,0.2597570668019266,-0.008638548712349325,0.2293139183078396,-0.6747223752670715,0.5898203922201786,1.26454276748725,-0.010376299741618064,0.3314328048444829,0.22909433590361386,1.004154418292985,0.19895325292226773,0.5399057940695816,1.5773524067835907,1.037446612714009,1.006158749857027,0.2859955444786567,1.0236095697593137,1.0639467062255956,0.18939767079760167,0.608033507721742,1.608607794454652,1.00057428673291,1.0589579552280797,0.24611797590466167,1.0806176473663132,0.004988750997516004,0.18939767079760167,-0.45092444750633764,0.5496498392265723,1.00057428673291,-1.1102230246251565e-16,0.24611797590466158,0.18914754491593783,-0.005811199434669037,2.124412892362595,-5.272495309951499,5.997377812014929,11.269873121966429,-0.007308337296315637,3.0809949914936743,2.120877210059827,5.3734298485788345,0.43333333333333335,0.857004586426523,678.6818812715125,2.933333333333333,0.8381133927691925,1.400524147607893,0.22,0.006666666666666667,-0.04932643041710287,0.06306748001356412,-0.04247828492281377,0.0,0.0008333333333333334
participant-01,demo-session-segment-0,2026-01-01 12:02:00+00:00,2026-01-01 12:02:29.900000+00:00,10.0,2026-01-01 12:03:07.200000+00:00,1,83.22710758383052,2.568957060267553,76.46530718330708,86.17238193458292,9.70707475127584,84.66578507551877,3.2071663250814595,83.2666138297942,0.2586767740821267,0.13087016004863064,0.24340120055142317,-0.000287471500888327,0.26569660272847684,-0.6685077360435034,0.8635617169701244,1.5320694530136278,-0.008671437185320829,0.3381096245044693,0.2652535611931466,0.023157724679421902,0.2343162212204143,-0.6154062212595091,0.5953616587643656,1.2107678800238748,0.028301443099674733,0.32617284944068325,0.2350688369412642,1.0043209819908807,0.20564682688603353,0.41025094651848326,1.4972715078837369,1.0870205613652537,1.0148984681036781,0.2962716573824309,1.0250903782353666,1.0658527854766036,0.20129580158274482,0.5069474833570743,1.5524992044722785,1.0455517211152041,1.0780705951995349,0.26612228400155213,1.08463223876911,-0.01221780972293126,0.20129580158274482,-0.5711231118424606,0.47442860927274366,1.0455517211152041,1.1102230246251565e-16,0.26612228400155213,0.2013310903548747,0.006075274327962351,2.3525122509252703,-5.734348217671035,5.997377812014929,11.731726029685964,0.08312105518611779,3.1184986839466644,2.3485959820161635,6.064672351035809,2.0,0.8815849205581989,830.4062259734465,3.433333333333333,0.8565478590816159,1.4033945274061255,0.17666666666666667,0.01,0.014992639887685458,0.11714338525588029,0.03549537440749731,0.0,0.0008333333333333334
participant-01,demo-session-segment-0,2026-01-01 12:02:15+00:00,2026-01-01 12:02:44.900000+00:00,10.0,2026-01-01 12:03:07.200000+00:00,1,84.85824023974101,0.6341875966250191,83.18764913168988,86.17238193458292,2.984732802893035,84.94091719124603,1.0057654891438972,84.86060210631877,-0.017852441418246847,0.1009228898091853,0.1899592575601701,0.020185317456688084,0.2684272402139281,-0.6685077360435034,0.8635617169701244,1.5320694530136278,0.007498658667856699,0.36685624027893327,0.26873863334486087,0.007765281957591978,0.2386969892980714,-0.655958420573443,0.7130834872520413,1.3690419078254843,0.004378545900240714,0.3104303745998175,0.2384253163183627,0.9911407928118234,0.2021998109157271,0.41025094651848326,1.486293428786572,1.0760424822680887,1.004067234892301,0.2871614480206306,1.011488285727962,1.05420936517145,0.2023728414415294,0.5069474833570743,1.5463215563134012,1.0393740729563268,1.070598554206166,0.2700037412275862,1.0733944459882705,-0.01638918903471608,0.2023728414415294,-0.5636510708490917,0.47572300210723517,1.0393740729563268,0.0,0.27000374122758625,0.20269893088146845,-0.0006672673370557931,2.4005219757651073,-5.734348217671035,7.80832654322413,13.542674760895164,-0.035240383734339575,3.0882376802469045,2.3965178590731337,6.1228322116920735,1.5666666666666667,0.8670200720271327,861.5293195690824,3.8,0.8350366655910709,1.3929069595034325,0.23,0.016666666666666666,0.09125408909199463,-0.03257024904089068,0.044369607078147306,0.0,0.0008333333333333334
participant-01,demo-session-segment-0,2026-01-01 12:02:30+00:00,2026-01-01 12:02:59.900000+00:00,10.0,2026-01-01 12:03:07.200000+00:00,1,86.24812171842417,2.279402978439919,83.18764913168988,92.10736121097182,8.919712079281936,85.58450341717099,3.7011847510119367,86.27813662201898,0.23942481650810027,0.0940165071869711,0.18524182020478291,0.01817420419092155,0.26007929113202266,-0.6536664176148299,0.8218749135069392,1.475541331121769,0.014749034436681394,0.32704359470175853,0.2602807495406763,-0.03850922203241254,0.2341188373355488,-0.6618134884435269,0.7130834872520413,1.3748969756955682,-0.05161594863889692,0.3293286294023541,0.23687947303127171,0.9927358510282557,0.2008949243946426,0.41842740359535413,1.486293428786572,1.0678660251912178,1.0078865889707596,0.25441066673856927,1.0127925312366954,1.0551660142741344,0.19066337364106595,0.5263903027104933,1.5463215563134012,1.019931253602908,1.0669766361013417,0.23289894697250713,1.0721971202413583,-0.011810621827207263,0.19066337364106595,-0.5405863333908485,0.47934492021205943,1.019931253602908,-1.1102230246251565e-16,0.23289894697250704,0.1907113991418553,0.00961536248680499,2.2274810828029157,-7.800746963120329,7.80832654322413,15.609073506344458,-0.08087915493092068,2.8817900731170276,2.223786303325881,5.435318293594293,1.6666666666666667,0.8927805734878265,741.9133912247148,3.7666666666666666,0.8648366731019689,1.3851601278135506,0.25,0.006666666666666667,0.030734676667249407,-0.0018537599854796581,-0.003120379994247981,0.0,0.0008333333333333334
participant-01,demo-session-segment-0,2026-01-01 12:02:45+00:00,2026-01-01 12:03:14.900000+00:00,2.0,2026-01-01 12:07:59.900000+00:00,0,85.24209194507758,8.402678156185141,70.9722970020223,95.21855072217996,24.246253720157654,87.97031954519778,16.145565063837296,85.65386091338112,-0.4898917676371301,0.17564777126789619,0.9116100971017411,-0.007165101001044004,0.2194769578814792,-0.6536664176148299,0.8218749135069392,1.475541331121769,-0.0012207049683188535,0.20445218101698032,0.2192279785895512,-0.02615919255082453,0.20893099917412886,-0.6618134884435269,0.5085757726683943,1.170389261111921,-0.004103594860422658,0.2033149293149178,0.2102164564508639,1.0048398273217731,0.18628637103899195,0.41842740359535413,1.564178848621702,1.145751445026348,1.0049116266896254,0.17187032658852974,1.0219050911085035,1.0512529369116612,0.17752236571316488,0.5678839112422981,1.5985898510296255,1.0307059397873273,1.0230985374889467,0.18375728612082387,1.0660871823601938,0.028154399422714426,0.17752236571316488,-0.45521462624664866,0.5754913135406787,1.0307059397873273,-1.1102230246251565e-16,0.18375728612082384,0.1794486367575907,-0.008460598282927095,2.1110970146899,-7.800746963120329,7.096334118116401,14.89708108123673,0.008522712633327045,2.15179155933669,2.107592564627029,4.711454029590362,0.06666666666666667,0.8724183938862066,666.2873284615126,3.5,0.8425972177409341,1.3100459935343567,0.33666666666666667,0.006666666666666667,0.035158056582150855,0.09913026628853588,0.011337505467325348,0.0,0.0
participant-01,demo-session-segment-0,2026-01-01 12:03:00+00:00,2026-01-01 12:03:29.900000+00:00,2.0,2026-01-01 12:07:59.900000+00:00,0,77.2403012281843,9.473856334439462,70.4965891956032,95.21855072217996,24.72196152657675,72.34250403768287,3.7346992220488033,77.81721472669203,-0.8258801569897817,0.1599984584046539,0.9039434210738116,-0.008587818261534243,0.13120900560979087,-0.5685550946745982,0.6860141188982871,1.2545692135728852,-0.002113586148864328,0.04455263978937135,0.1312713516540944,-0.008781938685216109,0.1261650996494458,-0.6589255192926367,0.44621090819248665,1.1051364274851232,0.0007565927393293819,0.04776030292247234,0.1262604294387608,1.010071973764991,0.10981147886893855,0.62064479266451,1.564178848621702,0.9435340559571921,1.0011291677932102,0.047111362421491276,1.016003817844164,1.0259567893915085,0.11354851621364147,0.6494620620850613,1.5985898510296255,0.9491277889445642,1.0045263584797997,0.04870530703902198,1.0322003786479979,0.021430430911708556,0.11354851621364148,-0.35506429639473835,0.5940634925498258,0.9491277889445642,0.0,0.04870530703902201,0.11536702887567163,-0.004903234104228565,1.366250365100299,-6.153965450838802,5.5418522996105635,11.695817750449365,0.016045204653319933,0.6037047783286376,1.363980193517337,1.9275501759235858,0.03333333333333333,0.8702879582879615,279.06274109349494,3.6333333333333333,0.8389806588012008,1.1450741313763282,0.7566666666666667,0.013333333333333334,0.15373647853063876,0.06290071179207847,0.009994982147690977,0.0,0.0008333333333333334
participant-01,demo-session-segment-0,2026-01-01 12:03:15+00:00,2026-01-01 12:03:44.900000+00:00,2.0,2026-01-01 12:07:59.900000+00:00,0,70.0378233402246,2.1919547126710675,66.26122284927382,73.3068594377325,7.045636588458677,70.4965891956032,4.784837127937948,70.07200117127645,-0.2440169180560682,0.09428571036090497,0.15976360727207803,0.00012642763888627765,0.028681626390252884,-0.11525194139125385,0.07981555345800538,0.19506749484925923,3.957778508216275e-05,0.03352994160649082,0.02863406288606791,-0.0020755265492331814,0.029126350488851427,-0.11154020214159693,0.12166875296377433,0.23320895510537126,-0.004652511638650594,0.03717017763373026,0.02915174589877348,1.0003736284323148,0.027113240606253405,0.9221791175357453,1.0773680587587502,0.15518894122300486,0.9989454821636234,0.03799143193844312,1.0007397633016057,1.0012078556276502,0.027112503047203505,0.922580514121007,1.0788886374965225,0.15630812337551558,1.000001897027023,0.037734873222585286,1.001573665637862,0.0012059586006271212,0.027112503047203505,-0.07742138290601608,0.0788867404694995,0.15630812337551558,0.0,0.037734873222585175,0.0270941297127766,0.0001227381799591513,0.3214301439321751,-1.3881358072171635,0.8452398571695541,2.2333756643867178,0.006024027106716345,0.4290358187209223,0.3208940033222166,0.10989581049080366,0.4,0.8780040843830978,15.446042270817333,3.5666666666666664,0.8170421496326614,1.0450548898618208,0.9333333333333333,0.0,0.00023474646443320677,-0.03271052429907896,-0.02744356557075625,0.0,0.0016666666666666668
participant-01,demo-session-segment-0,2026-01-01 12:03:30+00:00,2026-01-01 12:03:59.900000+00:00,2.0,2026-01-01 12:07:59.900000+00:00,0,68.27596552250172,0.991446042879444,66.26122284927382,70.61200947275843,4.350786623484609,68.34725515637192,1.6241656872631864,68.28313962271311,-0.0034207550460049556,0.09258689596571307,0.16139279544272792,0.002723400597537,0.027450174608977373,-0.06732799195345994,0.12950810655709882,0.19683609851055878,0.0017481370425166177,0.03211369559274901,0.027539377079455998,-0.0008401409645976428,0.027756770615885246,-0.07254050972516136,0.08229541202564364,0.15483592175080502,-0.0028528635155627684,0.03707116459195607,0.02772320371361367,1.0017483719681295,0.029806425347687855,0.9007440088037886,1.0773680587587502,0.17662404995496161,0.9996507675395931,0.04151578258535005,1.0021902326019905,1.0025072298789126,0.029908047664948874,0.9015915023466404,1.0788886374965225,0.1772971351498821,1.0002371549216678,0.04231430306740713,1.0029517713414253,0.0022700749572449356,0.029908047664948874,-0.09864565257502733,0.07865148257485477,0.1772971351498821,1.1102230246251565e-16,0.04231430306740713,0.029944330310148332,-0.0008212200247181093,0.3448634742316203,-1.3881358072171635,0.9512169044648311,2.3393527116819945,-0.0022050584356220204,0.4466401138735976,0.3442892014115005,0.1337291457134044,2.4,0.8769150895599123,17.780675425047136,2.4,0.8281447959764175,1.0449921539547657,0.91,0.0,-0.05129228155233383,0.004686780706518379,0.08306879859869276,0.0,0.0008333333333333334
participant-01,demo-session-segment-0,2026-01-01 12:03:45+00:00,2026-01-01 12:04:14.900000+00:00,2.0,2026-01-01 12:07:59.900000+00:00,0,70.13653750547414,2.1147180673378823,66.78870029622132,73.96491804857494,7.176217752353622,69.09818563756272,3.6694131965286942,70.1683049459376,0.23005517111478124,0.09488234276913225,0.16567833605151538,0.002273893599073564,0.02703195722325241,-0.07126921063485146,0.12950810655709882,0.2007773171919503,0.0019822906167159273,0.03481950113260794,0.027082495226903605,-0.00023894577967784056,0.028826039853153764,-0.08999558607518077,0.10991283332653748,0.19990841940171825,-0.00023723487242266125,0.03318448422734676,0.028778948326670713,1.00454782291958,0.02864169748190816,0.9007440088037886,1.0754172907604362,0.17467328195664766,1.0061669700167142,0.03707144083328495,1.004954695932938,1.0053209667597893,0.02877750105935793,0.9015915023466404,1.0755589482230676,0.1739674458764272,1.0067230844931836,0.037543684041560166,1.0057313907262557,-0.0014021177333941703,0.02877750105935793,-0.10513158214654317,0.06883586372988404,0.1739674458764272,1.1102230246251565e-16,0.03754368404156028,0.02876369273005306,-0.0014272745660237152,0.33848780316642746,-1.0124930721226788,0.9512169044648311,1.96370997658751,0.011414548834710048,0.4245988580128099,0.3379262000725595,0.12380819117299356,0.5,0.8885018599815268,17.1298806156887,3.1333333333333333,0.8425086913315343,1.0472559476301064,0.9066666666666666,0.0,0.002797843423426532,0.02611257287338519,0.059100642112385963,0.0,0.0016666666666666668
participant-01,demo-session-segment-0,2026-01-01 12:04:00+00:00,2026-01-01 12:04:29.900000+00:00,2.0,2026-01-01 12:07:59.900000+00:00,0,71.91727138726736,1.5184161942954144,68.73821708857193,74.05677847194009,5.318561383368163,71.84472296434596,2.996611437377311,71.93324562562502,0.010059994217310204,0.10356713803201589,0.17543316623018781,-0.002593012952531242,0.028507129404959867,-0.09071652380667788,0.09952344912325475,0.19023997292993264,-0.0036997729198313557,0.03586983026077012,0.02857746119456296,-0.0026449636720583597,0.028011569932552428,-0.08999558607518077,0.10991283332653748,0.19990841940171825,-0.0032409777365039177,0.03440169317656695,0.028089649150754733,1.0047618745145548,0.028815645233737874,0.8945706489123103,1.07399104580452,0.1794203968922098,1.0062558642144306,0.03742202350448198,1.0051736158910747,1.0055596726633549,0.02884816336513333,0.8947861571407837,1.0748383490855966,0.18005219194481292,1.0066812094520237,0.037446386780058294,1.0059720163907526,-0.0011215367886685923,0.02884816336513333,-0.11189505231123997,0.06815713963357295,0.18005219194481292,0.0,0.037446386780058155,0.028821872236398635,0.0012444453788228124,0.347186334099393,-1.0177382847051064,1.2278197424256865,2.2455580271307927,0.008898276237450098,0.4501000997375293,0.3466094411981949,0.12441713917441174,1.5666666666666667,0.8821693885262041,18.020488637997907,3.6333333333333333,0.8377936871519943,1.0487789669358016,0.9,0.0,0.03619165745205019,-0.015198457502197348,-0.016511659133539244,0.0,0.0016666666666666668
participant-01,demo-session-segment-0,2026-01-01 12:04:15+00:00,2026-01-01 12:04:44.900000+00:00,2.0,2026-01-01 12:07:59.900000+00:00,0,70.0579550416498,2.2761959605899795,66.34829258191161,74.05677847194009,7.708485890028484,69.87538564866955,3.920087713124232,70.0947991112179,-0.25443910555246896,0.11010923067066544,0.20926946264626695,-0.003343537280962574,0.02875146552201672,-0.09071652380667788,0.09952344912325475,0.19023997292993264,-0.0020779931144554943,0.03753097720059709,0.02889758678472461,-0.003460788154751536,0.026222958259755225,-0.0730172540419956,0.06789035798755746,0.14090761202955307,-0.0028255116329009055,0.03552593587993857,0.026406977286542226,1.0032199864552451,0.029764907695354594,0.8945706489123103,1.07583806576409,0.18126741685177972,1.0027213550747973,0.037984206424837796,1.0036599711992145,1.0039833625225578,0.029767401592297463,0.8947861571407837,1.0768874711352177,0.18210131399443397,1.0036625267917179,0.038097840580334164,1.0044230865322645,0.0003208357308401455,0.029767401592297463,-0.10887636965093417,0.0732249443434998,0.18210131399443397,0.0,0.038097840580334136,0.02971947968024968,-0.0015100543411705066,0.3436935698486503,-1.0177382847051064,1.2278197424256865,2.2455580271307927,-0.014082127383504561,0.4417817743900074,0.34312359190176844,0.13247170986808862,1.7666666666666666,0.8774464950789835,17.660208331852516,3.433333333333333,0.8291376906244731,1.0469979486023513,0.9066666666666666,0.0,0.03460276598529546,-0.05561452431798574,-0.01214154696911871,0.0,0.0016666666666666668
participant-01,demo-session-segment-0,2026-01-01 12:04:30+00:00,2026-01-01 12:04:59.900000+00:00,2.0,2026-01-01 12:07:59.900000+00:00,0,68.13827157703587,1.005537010010379,66.34829258191161,70.14781022688776,3.7995176449761487,67.92463525122173,1.6183590386046518,68.14566595048775,0.0059549327997947986,0.09532699589125024,0.20693989921978453,-0.002828367972700357,0.02749041673769904,-0.08082462161364701,0.09190112545057355,0.17272574706422056,-0.0027494013889997246,0.03603309697663257,0.02758991846840652,0.00017393960725765157,0.02684313377222912,-0.08011409619467191,0.0735053074108819,0.15361940360555382,-9.796092419459045e-05,0.03840080851997166,0.026798922358900575,1.0014701538107247,0.029491608421417757,0.9127824253933802,1.07583806576409,0.16305564037070985,1.0021079494261353,0.03917756578698228,1.001902851956084,1.0022086711302742,0.029485387396973196,0.9143891858902006,1.0768874711352177,0.16249828524501708,1.0027190453379378,0.03909550046800425,1.0026408682067705,-0.0005103742076636756,0.029485387396973196,-0.08832985944773719,0.07416842579727989,0.16249828524501708,-1.1102230246251565e-16,0.039095500468004196,0.02944062824649414,0.0014631900100756368,0.3528314176133012,-1.02716231827931,1.2744389353857044,2.301601253665014,-0.014608576757596525,0.4082596635005292,0.3522459133652237,0.12997887926449744,2.5,0.8733378782028359,18.61206266680248,2.5,0.8208092821247612,1.0447657700032862,0.8966666666666666,0.0,-0.03981721929530123,-0.04580720990114964,-0.06837383566776638,0.0,0.0033333333333333335
participant-01,demo-session-segment-0,2026-01-01 12:04:45+00:00,2026-01-01 12:05:14.900000+00:00,2.0,2026-01-01 12:07:59.900000+00:00,0,70.1002558987706,2.2614441879622427,66.40330420938507,73.67717775911926,7.273873549734191,70.08607516008009,3.959339890643136,70.13660214031619,0.2576071200895468,0.09021763101658004,0.19788441286265349,-0.0035958900421246593,0.027509125714804756,-0.08082462161364701,0.07465214021024316,0.15547676182389017,-0.0037941905982481604,0.03501901984546677,0.027697651816161968,0.001616988125523303,0.02815176895147529,-0.08011409619467191,0.08141065145357973,0.16152474764825164,0.00038880685434160896,0.037943208746761194,0.028151287810299918,1.000695139336284,0.029067369382381927,0.8983178071337453,1.0779713310936478,0.17965352395990253,1.0018667532686099,0.03383473406441917,1.0011158062286638,1.0014739982020322,0.02907164476557227,0.8986016266048649,1.0792671775074738,0.18066555090260894,1.0026125135215693,0.03387148982074717,1.0018944617086047,-0.0011385153195371187,0.02907164476557227,-0.10401088691670446,0.07665466398590448,0.18066555090260894,0.0,0.0338714898207472,0.029045473739360155,0.0006316493609432073,0.3592582214940978,-1.02716231827931,1.2744389353857044,2.301601253665014,-0.019025196985910098,0.4041734209257655,0.3586595142001865,0.12635239547519572,2.3333333333333335,0.8577468246199922,19.296148567880117,2.3333333333333335,0.8072562863553847,1.0450482182709926,0.9066666666666666,0.0,-0.07568304336620105,0.032487978787832474,-0.08176629794078175,0.0,0.0025
participant-01,demo-session-segment-0,2026-01-01 12:05:00+00:00,2026-01-01 12:05:29.900000+00:00,2.0,2026-01-01 12:07:59.900000+00:00,0,71.94750261423016,1.1314842060272994,69.54372320187449,73.67717775911926,4.133454557244775,72.0989856738297,1.875216016861856,71.95636956803372,-0.0018952902673416078,0.1179332911240615,0.21879680491877204,0.000808401931889103,0.028915389689427303,-0.10203245589918353,0.08901184572457943,0.19104430162376296,0.0019161253573369988,0.03819259515704984,0.0288784742563029,0.00020608029635763432,0.029168890420579085,-0.08006464071625868,0.08145318396637556,0.16151782468263426,-0.001478733857658187,0.03502124634213422,0.029120964216438155,1.0032440451323248,0.028171908215970737,0.8983178071337453,1.0854151401821253,0.18709733304837994,1.004508907483539,0.03644877757978571,1.0036381942635624,1.0040820995878106,0.028167424154573552,0.8986016266048649,1.0854568644681897,0.1868552378633248,1.0046154323626322,0.035523939785095715,1.004475794540063,-0.0005333327748216621,0.02816742415457355,-0.10601380575776731,0.0808414321055575,0.1868552378633248,-1.1102230246251565e-16,0.03552393978509566,0.028125496405823788,-0.0018499760775748909,0.33924335748750284,-1.0189570316569596,0.9242791809798379,1.9432362126367975,-0.009252967045220717,0.42775415555063756,0.33868253250728764,0.11861520087172234,2.2666666666666666,0.8707414173581942,17.205365517329234,3.5666666666666664,0.8081525672761551,1.048320910331342,0.9166666666666666,0.0,-0.04246353274255171,0.07328898044733656,-0.08390711324449245,0.0,0.0016666666666666668
participant-01,demo-session-segment-0,2026-01-01 12:05:15+00:00,2026-01-01 12:05:44.900000+00:00,2.0,2026-01-01 12:07:59.900000+00:00,0,69.9196881672987,2.249159340014309,66.33925387130657,73.62746195713855,7.288208085831982,69.97331932441774,4.655409202389379,69.95573349452215,-0.2444430842129935,0.10341770131403823,0.19037663792584228,0.0011960476048649945,0.02826635797559213,-0.10203245589918353,0.09513119584840066,0.19716365174758418,0.001268193512986928,0.036007392433337365,0.0282445434216961,-0.0019968095624425942,0.028720160553212963,-0.08638213466543998,0.08145318396637556,0.16783531863181556,-0.0021773606217797862,0.03791690867536604,0.02874170103798633,1.0018244205110116,0.028998836072790635,0.9233599837124482,1.0854151401821253,0.16205515646967705,1.0030928541254178,0.040260306591483164,1.0022426347534261,1.0026350522728111,0.02898085776449951,0.9243799691958705,1.0854568644681897,0.16107689527231916,1.0037852916170074,0.039855275141480795,1.0030524106591572,-0.0011502393441962433,0.028980857764499518,-0.07940532242113685,0.08167157285118232,0.16107689527231916,0.0,0.039855275141480934,0.028955371411752515,0.0010150263207894029,0.3503039679814352,-0.8972603044965644,0.923056387952147,1.8203166924487113,-0.012173665219922247,0.4896245588419909,0.34972111369207487,0.1255646185613709,3.466666666666667,0.8761101093311773,18.345638453060108,3.466666666666667,0.8069878546930418,1.0465319855754027,0.9166666666666666,0.0,-0.03914026826414997,0.04719389490760409,-0.09278172185946254,0.0,0.0008333333333333334
participant-01,demo-session-segment-0,2026-01-01 12:05:30+00:00,2026-01-01 12:05:59.900000+00:00,2.0,2026-01-01 12:07:59.900000+00:00,0,68.27437078446327,1.193711057906421,66.33925387130657,71.16426923073203,4.825015359425464,67.87449216512643,1.7461464055116096,68.2847706467836,0.024103037391066548,0.09220909042365322,0.19055978975015267,-0.0006652897583622937,0.02756014625557877,-0.079882916963297,0.09844889497272268,0.17833181193601966,-0.0007230874019404075,0.033568162400096815,0.02752221647843874,-0.0020810618745797757,0.028101686170147758,-0.095535270314302,0.08033008456654096,0.17586535488084298,-5.9018815650617885e-05,0.03641695808618943,0.028131889998942807,1.0000276013143286,0.029992132928907556,0.8940293033652391,1.0950281632647614,0.20099885989952226,0.9995733019362585,0.04039872152174584,1.0004757533300463,1.0007994633873123,0.030067528009328843,0.8959090105092273,1.0953130418647183,0.199404031355491,1.0000898289630789,0.04053220269159152,1.0012495236633685,0.0007096344242334122,0.03006752800932884,-0.10418081845385152,0.09522321290163949,0.199404031355491,0.0,0.04053220269159155,0.030025760619938655,-0.0005189697796271742,0.34701484833809565,-0.8682984100233127,0.8464023570099977,1.7147007670333103,-0.019476021169086977,0.48915306743021997,0.3464363962021311,0.13515641100857034,0.7,0.8820704269462567,18.002713689888065,3.466666666666667,0.8293203257303431,1.0433284021064722,0.9133333333333333,0.0,0.012858422270100114,-0.0441887757875867,0.010116941741024987,0.0,0.0008333333333333334
participant-01,demo-session-segment-0,2026-01-01 12:05:45+00:00,2026-01-01 12:06:14.900000+00:00,2.0,2026-01-01 12:07:59.900000+00:00,0,70.2390762865841,1.9574392127490094,67.13271723943203,73.53825347732992,6.405536237897891,70.2554113712026,4.189147269847211,70.26625530060605,0.21842422535174233,0.0954161684120472,0.2024154439884542,0.0026377550381343207,0.02826058941985307,-0.079882916963297,0.09844889497272268,0.17833181193601966,0.0027576682057991065,0.0343417563542212,0.028336486425646634,-0.00015278374913870962,0.029030620686053485,-0.095535270314302,0.10067264859706418,0.19620791891136619,0.0010069804941825605,0.04083386714133026,0.028982598638380562,1.0050242089023236,0.029745261415007992,0.8940293033652391,1.0950281632647614,0.20099885989952226,1.002975610391033,0.04056534032775039,1.0054628246672273,1.0058370566563475,0.029886990013256197,0.8959090105092273,1.0956001999515397,0.19969118944231234,1.0033464080498486,0.0410873671211206,1.0062795035548442,0.002490648606498997,0.029886990013256197,-0.10743739754062132,0.09225379190169103,0.19969118944231234,-1.1102230246251565e-16,0.04108736712112057,0.02994090950455618,-0.0011762830270853986,0.3409534825842993,-0.9548206516351054,0.8584444280136494,1.8132650796487548,0.021992692234114042,0.4712995368420367,0.3403867849038317,0.1335424197319894,0.06666666666666667,0.8663945349115353,17.379976119330674,3.7333333333333334,0.8136561490433413,1.049308425194241,0.9133333333333333,0.0,-0.03177107029935555,-0.11235605006153698,0.04678235353861964,0.0,0.0008333333333333334
participant-01,demo-session-segment-0,2026-01-01 12:06:00+00:00,2026-01-01 12:06:29.900000+00:00,2.0,2026-01-01 12:07:59.900000+00:00,0,71.70367960076287,1.2444110775845423,68.01658549983001,73.80049139493431,5.783905895104297,72.03058589790864,1.2583332384105717,71.71444112140713,-0.038586436786238694,0.10613264161383819,0.2246372419753276,0.001206328758693321,0.028154997631996012,-0.10720383821439461,0.07525525110714493,0.18245908932153954,0.0030894759070816983,0.03467158899524757,0.028133907912450164,-0.00024197170100479865,0.030475813393702613,-0.08964098174977428,0.10067264859706418,0.19031363034683846,0.00028330241052564606,0.04440383406393708,0.030425940165783615,1.0013690697715023,0.026950135556190743,0.9263521997977094,1.0949653624643378,0.1686131626666284,1.0009126608234076,0.03946698859887732,1.0017304540987324,1.0022251558549762,0.026987441332679905,0.9268719946092268,1.0956001999515397,0.16872820534231292,1.001477168304237,0.03942954665746423,1.0025872317550482,0.0007479875507393419,0.026987441332679905,-0.07460517369501019,0.09412303164730274,0.16872820534231292,0.0,0.039429546657464204,0.026952805699876306,-0.0006232177408302131,0.31626480689236736,-0.9548206516351054,0.8584444280136494,1.8132650796487548,0.030664500441445752,0.4411773805868027,0.315737873958906,0.10888682069680264,0.03333333333333333,0.8470555674578879,14.95413393236972,3.4,0.8007363847077079,1.0474970627674338,0.9333333333333333,0.0,-0.05293044283741923,-0.0328031419545968,0.0014317535394146078,0.0,0.0025
participant-01,demo-session-segment-0,2026-01-01 12:06:15+00:00,2026-01-01 12:06:44.900000+00:00,2.0,2026-01-01 12:07:59.900000+00:00,0,69.6695231465244,2.1861777426303375,66.59094147068018,73.80049139493431,7.209549924254134,69.31568402581807,4.332115376141644,69.70370074352387,-0.23959742600032824,0.10971040463653724,0.22576317318981995,-0.0009060608136717282,0.028983644572921397,-0.10720383821439461,0.07525525110714493,0.18245908932153954,-0.0007708865177665988,0.03771152375965975,0.028949480595543378,0.00027358083507698813,0.029818607654600673,-0.07755570397235508,0.0876038187226999,0.16515952269505496,-0.0005656843556393449,0.038439864099006044,0.029770125591339625,0.9968632933470897,0.0271573016074688,0.9275282091943139,1.0691674409080194,0.14163923171370552,0.9966132620926558,0.03838369340672465,0.9972319119726544,0.9977287896189947,0.027120715401222035,0.9283478845427988,1.0694731985121178,0.14112531396931893,0.9970448839933874,0.038228595788837305,0.9980960971074438,0.0006839056256071634,0.027120715401222035,-0.0686969994505886,0.07242831451873033,0.14112531396931893,-5.551115123125783e-17,0.03822859578883733,0.027084112564981194,4.846039730366606e-05,0.3167432940222122,-0.9633426234147469,1.1035811054819167,2.0669237288966635,0.01818435277948338,0.4508526517865477,0.31621495158951324,0.10996229392337488,3.0,0.8758258960918373,14.99880960646619,3.0,0.8116469566707646,1.0429574855346193,0.9333333333333333,0.0,0.028362135520248546,0.008537801227410824,0.01854326238498274,0.0,0.0033333333333333335
participant-01,demo-session-segment-0,2026-01-01 12:06:30+00:00,2026-01-01 12:06:59.900000+00:00,2.0,2026-01-01 12:07:59.900000+00:00,0,67.97188084217552,1.047224973144071,66.51020150298793,70.52950849499213,4.0193069920042035,67.82926971646744,1.6788781004551367,67.97992063666156,0.02048282395619166,0.11328152490008894,0.2072958587875656,-0.0006134281519582675,0.0312936383808661,-0.09009586016293489,0.06789872948879298,0.15799458965172786,-0.0015346285730323745,0.04684386365391293,0.031247460556014083,0.0024971636188444806,0.030230230354407236,-0.09874172907293614,0.0827520247796715,0.18149375385260763,0.0018958574519466792,0.037047498519718836,0.030282939597440064,0.9981260179731483,0.02872611520363601,0.9275282091943139,1.0982352421948214,0.1707070330005075,0.9977823237900558,0.04045464819215505,0.998537924576383,0.9990755567293449,0.028674373881802388,0.9283478845427988,1.098370253862953,0.17002236932015413,0.9984829051068365,0.040194207052690833,0.9994855912113851,0.000592651622508434,0.028674373881802388,-0.07013502056403764,0.09988734875611649,0.17002236932015413,5.551115123125783e-17,0.04019420705269078,0.028632677504336568,0.001583295004596806,0.3471085829617957,-0.9633426234147469,1.1035811054819167,2.0669237288966635,0.011066702740951673,0.4935938235986759,0.3465332027780285,0.12292202868170662,3.0,0.8668847805237873,18.012531543887956,3.0,0.8126076659805049,1.0478976054723026,0.9233333333333333,0.0,0.06281564774912836,-0.014342435124149181,-0.03190499339595183,0.0,0.004166666666666667
participant-01,demo-session-segment-0,2026-01-01 12:06:45+00:00,2026-01-01 12:07:14.900000+00:00,2.0,2026-01-01 12:07:59.900000+00:00,0,70.0180884006902,2.147320593531386,66.51020150298793,73.16312953022475,6.652928027236825,70.54035881081995,3.951216580791481,70.05089806038059,0.23895173415391155,0.10363717708014719,0.1872873093388722,-0.0015368993608379877,0.03180432874732558,-0.08721273855859363,0.10513502805196999,0.19234776661056363,-0.003684748547028547,0.04550218849660963,0.03178845181754549,0.004013570942763375,0.029508077882681515,-0.11261325398072432,0.07340301156294063,0.18601626554366496,0.0063442158553401445,0.03864207229984368,0.02973101057552352,1.0005209120872671,0.028031137688765074,0.9002063826638861,1.0982352421948214,0.1980288595309353,1.0018002722807593,0.039851408524823495,1.000912194478182,1.0014667640657244,0.028046429237335885,0.9005967597473848,1.098370253862953,0.1977734941155681,1.0030379844829427,0.03885309846968643,1.0018581035825025,-0.001571220417218337,0.028046429237335885,-0.10244122473555783,0.09533226938001027,0.1977734941155681,-1.1102230246251565e-16,0.038853098469686514,0.028043696604664835,-0.001773757975236896,0.33361800519604157,-1.0450061990110637,1.0046418310520078,2.0496480300630715,0.003004390474924401,0.45139310279447037,0.3330662341993018,0.11759726837527675,3.2333333333333334,0.886802827242536,16.639637496300068,3.2333333333333334,0.8350359996760558,1.0501210110542838,0.9266666666666666,0.0,0.0748522508509286,-0.03969128367695839,0.013011990897723726,0.0,0.0033333333333333335
participant-01,demo-session-segment-0,2026-01-01 12:07:00+00:00,2026-01-01 12:07:29.900000+00:00,2.0,2026-01-01 12:07:59.900000+00:00,0,71.8629999089099,0.7062201010098813,69.06172973326906,73.16312953022475,4.10139979695569,71.79306423199593,0.806992006297989,71.86645838115037,-0.013284836985746364,0.08520086668032387,0.1631362228327101,-0.0019799023273827793,0.030391850871175304,-0.0956451626113203,0.1215787520923947,0.217223914703715,-0.003176971484991102,0.038751016169866356,0.03040568582689454,0.000778631353584837,0.02867843919479917,-0.11261325398072432,0.0806663090901764,0.19327956307090072,0.002466374088762926,0.035897472565827634,0.028641187682294404,1.003593831184855,0.028867946373563085,0.9002063826638861,1.0690953589209093,0.16888897625702326,1.0039792042952285,0.042499717637691115,1.0040075490050009,1.0044620622292035,0.028891690784645884,0.9005967597473848,1.069485972991668,0.16888921324428308,1.004806758251585,0.042681242157825316,1.0048761027218656,-0.0003446960223813589,0.028891690784645884,-0.1042099985042001,0.06467921474008298,0.16888921324428308,1.1102230246251565e-16,0.042681242157825316,0.02884555735444863,0.0013695975855589682,0.3449691300546834,-1.1374119847674946,1.0046418310520078,2.1420538158195024,0.024465209564620283,0.4443922408510981,0.34439642490294403,0.12479213148820482,1.4,0.8761031850953754,17.79123529224866,3.7333333333333334,0.8314487642493967,1.0497283002274487,0.9266666666666666,0.0,-0.03774001430048988,-0.001668056804831601,0.059104329445469304,0.0,0.0
participant-01,demo-session-segment-0,2026-01-01 12:07:15+00:00,2026-01-01 12:07:44.900000+00:00,2.0,2026-01-01 12:07:59.900000+00:00,0,69.97049633409617,2.1165240357595883,65.51003217637665,72.55862351699926,7.0485913406226075,69.50226508608361,3.0506846214232013,70.00239352327223,-0.23339647173304004,0.07843805860693089,0.15393725369839695,-0.003534357254221332,0.0286638281134433,-0.09580676151365826,0.1215787520923947,0.21738551360605296,-0.005287672272804807,0.03672989866469583,0.028833452906484036,-0.0024423522378330155,0.028204850797462273,-0.1145411437406379,0.0806663090901764,0.1952074528308143,-0.0018385993047072909,0.03386949198125156,0.028263527397202195,1.002851577083231,0.02968519615970192,0.8974698401789568,1.0798756379552568,0.18240579777629995,1.0018348903748675,0.04056033952318727,1.0032893696037017,1.003665624422478,0.029630982946485678,0.89936471030768,1.0810185021359764,0.18165379182829644,1.0029181169194914,0.04076418260807091,1.0041014660616905,0.0007475075029865282,0.029630982946485678,-0.10355340661181145,0.07810038521648499,0.18165379182829644,0.0,0.04076418260807088,0.029590999769198347,-0.0008828831867099663,0.36961223035071533,-1.1374119847674946,1.371158800230502,2.5085707849979966,0.00800845019384433,0.4560021157130406,0.36899675197956533,0.13126038468802592,2.1333333333333333,0.8836397712421583,20.42397758885316,3.5,0.8115455680988153,1.0470934471142375,0.9033333333333333,0.0,-0.04093186112255598,-0.0012251608371352132,0.015149145425978956,0.0,0.0008333333333333334
participant-01,demo-session-segment-0,2026-01-01 12:07:30+00:00,2026-01-01 12:07:59.900000+00:00,2.0,2026-01-01 12:07:59.900000+00:00,0,68.03548887767097,1.239257119238581,61.91019444739869,69.54313534265141,7.632940895252723,68.09836570809853,1.7367301617077402,68.04673677581643,-0.031734192335631024,0.10707301186045502,0.27211584123659105,-0.003081001085608704,0.02860618577535506,-0.09580676151365826,0.09121572914056855,0.18702249065422683,-0.0043469124074388705,0.03563080470755804,0.028724183529242414,-0.0010230062595702127,0.028830576494552687,-0.1145411437406379,0.08015977930862234,0.19470092304926023,-0.000917777061967831,0.03841096467732824,0.028800659871121237,1.0007825523618108,0.031583621886762274,0.8974698401789568,1.0833059887730405,0.1858361485940837,1.0015954365415294,0.03948703817637911,1.001279140499492,1.001607784757545,0.03161726763909103,0.89936471030768,1.0837853086487566,0.1844205983410766,1.0025662854617414,0.039989637774912934,1.0021050214063572,-0.0009585007041963833,0.03161726763909103,-0.10320157515406148,0.08121902318701513,0.1844205983410766,0.0,0.03998963777491285,0.03157907795548583,-0.0009508570244476867,0.3870817584696066,-1.2275521860698757,1.371158800230502,2.598710986300378,0.019661742971873175,0.4946711908308382,0.38643725352231595,0.14944801037729738,3.2666666666666666,0.8777660695350161,22.400243332695172,3.2666666666666666,0.8127302177849346,1.0459264804507171,0.8866666666666667,0.0,-0.09815498087446516,-0.0627833578376192,0.0541752965442744,0.0,0.0008333333333333334
participant-02,demo-session-segment-0,2026-01-02 12:00:00+00:00,2026-01-02 12:00:29.900000+00:00,2.0,2026-01-02 12:04:48.600000+00:00,0,71.59398569053256,1.1744428955040271,67.59376550825255,72.91912905769487,5.325363549442329,72.00790770695389,1.7093738664063949,71.60358584212524,0.028840812784253825,0.10269572781210946,0.19386944445265303,-0.0025502413034585226,0.027443355618331226,-0.07098681737257453,0.08804321625548084,0.15903003362805537,-0.00037305088757887735,0.03399600762026764,0.027516014229439986,-0.0021360586044707306,0.028935868295593338,-0.08077383058695106,0.08909648645552784,0.1698703170424789,-0.002598267543455322,0.03689542432659144,0.02896646806455568,0.9990257049995065,0.03224681736416237,0.9118668531832774,1.1090810410027514,0.19721418781947397,0.9975837977817468,0.041667299722354834,0.9995442713002318,0.9998206754698119,0.03235806935295758,0.9124047217225639,1.1093757407752984,0.1969710190527345,0.9983160024482434,0.04102734872004543,1.0003424101777956,0.0015046730215685863,0.03235806935295758,-0.08591128072567944,0.11105973832705507,0.1969710190527345,-5.551115123125783e-17,0.04102734872004532,0.0323391178653935,-0.0005017217619679474,0.38853884864441807,-0.951804729154685,1.1213735003646597,2.0731782295193444,0.005296288626913115,0.538084041518899,0.38789106783688215,0.15653350936655178,1.4666666666666666,0.840897965633295,22.568913598811935,3.3666666666666667,0.8019633908002314,1.0432983062429708,0.8633333333333333,0.0,0.028642671208484016,-0.12913563976961298,0.13610431493012756,0.0,0.0016666666666666668
participant-02,demo-session-segment-0,2026-01-02 12:00:15+00:00,2026-01-02 12:00:44.900000+00:00,2.0,2026-01-02 12:04:48.600000+00:00,0,70.03739947104269,2.0527604176164393,66.70037986366856,72.91912905769487,6.218749194026316,69.53655343203792,4.546302787328472,70.06737546043881,-0.22829739210391464,0.10659190801010301,0.18886068087934077,0.0012430978389419694,0.027539381813390346,-0.07098681737257453,0.08804321625548084,0.15903003362805537,0.002041682516004502,0.03610774217923933,0.027521533104074434,-0.0012161422366814107,0.02696082653596386,-0.07243399211452146,0.08909648645552784,0.16153047857004932,-0.00119686922073032,0.03462991581520538,0.026943314858244506,0.9969468505519713,0.030595955084088845,0.9118668531832774,1.1090810410027514,0.19721418781947397,0.9976054491829789,0.040574721420211235,0.9974146654817695,0.9976885560928304,0.03066056959498211,0.9124047217225639,1.1093757407752984,0.1969710190527345,0.9981775044953293,0.04032206635658575,0.9981579994760647,-0.0004889484024987755,0.03066056959498211,-0.08577278277276534,0.11119823627996916,0.1969710190527345,0.0,0.04032206635658592,0.030613330919760293,0.00191502866055448,0.3685796586828603,-0.951804729154685,1.1213735003646597,2.0731782295193444,0.009476810454027706,0.4972589294115226,0.36796982971465014,0.1405423250337335,1.8333333333333333,0.8791909111651035,20.309729717992134,3.3666666666666667,0.8247361669380677,1.0399150221882594,0.8966666666666666,0.0,0.04837115776616018,-0.05210958005560677,0.026400504811997724,0.0,0.0016666666666666668
participant-02,demo-session-segment-0,2026-01-02 12:00:30+00:00,2026-01-02 12:00:59.900000+00:00,2.0,2026-01-02 12:04:48.600000+00:00,0,68.3043633000457,1.0465828920322602,66.70037986366856,70.52862545409954,3.8282455904309813,67.97152714115722,2.026110847264306,68.31235415688262,0.013237429206438611,0.10064733214981737,0.1855068671589487,0.0004993689311420998,0.02836439804677993,-0.11387861533660876,0.08036496672945168,0.19424358206606043,0.002582441167367796,0.034656070004243894,0.02832148740733278,0.0005860180918958937,0.027185516828990185,-0.08492065080788894,0.07539555528532763,0.16031620609321656,0.0007937177243573607,0.03379394144589141,0.02714649580908139,0.9985702664146284,0.028371224970959827,0.9213930782039939,1.0802144937402154,0.15882141553622153,0.9998794370260955,0.03670615729213411,0.9989718816291646,0.9993431559243482,0.02828041399874622,0.923032202076654,1.080468835155014,0.15743663307835998,1.0006103368193773,0.03704354242843111,0.9997418962759288,-0.001267180895029197,0.02828041399874622,-0.07757813474272324,0.07985849833563674,0.15743663307835998,-1.1102230246251565e-16,0.03704354242843108,0.028261663503317352,-6.652922086605172e-05,0.340507249204703,-0.9051993775061384,1.0605228888549323,1.9657222663610707,0.013701152257314386,0.47189037177744225,0.33993926991629125,0.11956738167831758,3.033333333333333,0.8675410179339241,17.333806618150973,3.033333333333333,0.7960434953438162,1.041899694714319,0.91,0.0,-0.027372864054157703,0.03124654334866095,-0.06447810316547051,0.0,0.0008333333333333334
participant-02,demo-session-segment-0,2026-01-02 12:00:45+00:00,2026-01-02 12:01:14.900000+00:00,2.0,2026-01-02 12:04:48.600000+00:00,0,70.27976534461303,2.2023539936160437,67.10941630774302,73.6833609390313,6.573944631288285,70.38279423711516,4.604887663755591,70.31414944468875,0.2434679499718041,0.10417296592315614,0.1906658859458312,-0.0013370448226157179,0.0320712377040604,-0.11387861533660876,0.08036496672945168,0.19424358206606043,0.0031395479418495006,0.04089529820975165,0.03204564602409811,-0.001503894109608495,0.028424074629434984,-0.08492065080788894,0.07539555528532763,0.16031620609321656,-0.0015014108826320255,0.0362900752870393,0.028416485050714355,1.0002392015544819,0.02890259234148027,0.9210709348521384,1.0646347058651533,0.14356377101301487,1.0010639353221893,0.036479102591112755,1.0006553031077143,1.0011591890028497,0.028783599784295105,0.9218865536203954,1.0648007219343378,0.14291416831394244,1.0014100494858007,0.03674985339284165,1.001571493049463,-0.0002508604829511144,0.028783599784295105,-0.0795234958654053,0.06339067244853713,0.14291416831394244,1.1102230246251565e-16,0.03674985339284165,0.028736682053940015,-0.00048712517782807386,0.35654274729796764,-1.1198436874005446,1.1938058213574398,2.3136495087579845,0.02766692657717784,0.4758822892299977,0.35594834668279984,0.12386114117861448,3.5,0.8578812975611174,19.005546555782093,3.5,0.793690991732908,1.047651757962984,0.8933333333333333,0.0,0.0006752703867173667,0.01239135212508044,0.021270796743558706,0.0,0.0
participant-02,demo-session-segment-0,2026-01-02 12:01:00+00:00,2026-01-02 12:01:29.900000+00:00,2.0,2026-01-02 12:04:48.600000+00:00,0,72.19616376005484,1.0092479787945081,69.94023954701498,73.6833609390313,3.74312139201632,72.2425488392782,1.6963986567795786,72.20319416673856,-0.00488001995155332,0.11392868387265494,0.21326088886189287,0.001070504946932159,0.03208182721856676,-0.11128711389798322,0.07659686967686556,0.18788398357484878,0.004745752725494399,0.04168145635961516,0.03204619800222439,-0.0005103889935360071,0.03035748310106865,-0.07626590732568157,0.08405587188229355,0.16032177920797513,-0.0032775103766564118,0.03990664593324776,0.03031114241587768,0.9975092908525744,0.028910968311306243,0.9205111885695325,1.0644400805012486,0.1439288919317161,0.9988838737865106,0.03832923433853763,0.997926772503344,0.9984855445999465,0.028861067239155592,0.9218865536203954,1.0672505275051236,0.14536397388472821,1.0001795348396976,0.03767376532022371,0.99890118001727,-0.0016939902397509839,0.028861067239155595,-0.07829298121930217,0.06707099266542604,0.14536397388472821,-1.1102230246251565e-16,0.03767376532022365,0.028862679497489864,-0.0008212496558629471,0.35215027727027154,-1.1198436874005446,1.1938058213574398,2.3136495087579845,0.008432801417498359,0.43372301143603825,0.35156382944389286,0.12453045674577089,3.5,0.8501485934430604,18.540003696417767,3.5,0.7726021055738732,1.047296668680851,0.9,0.0,-0.023246389146003577,0.027220879587277213,-0.04243900239900376,0.0,0.0
participant-02,demo-session-segment-0,2026-01-02 12:01:15+00:00,2026-01-02 12:01:44.900000+00:00,2.0,2026-01-02 12:04:48.600000+00:00,0,70.27946328667903,2.198859579614545,66.59659972784262,73.65323589838476,7.0566361705421485,69.94023954701498,4.04461146093216,70.31373853453552,-0.24828733134259773,0.11145957923578502,0.2062820958006819,0.001771234490143599,0.02916953233586661,-0.08840662624697929,0.07659686967686556,0.16500349592384483,0.0024198545554356653,0.03757157685721149,0.029174692507775723,0.002036710441639438,0.02955396143423186,-0.08753129897778927,0.08405587188229355,0.17158717086008282,0.0010704749075392355,0.03989613938578722,0.029574877352650058,0.9977099225761253,0.027778402965758373,0.9205111885695325,1.0644400805012486,0.1439288919317161,0.9982884828064128,0.03795383268722696,0.9980952645644344,0.9985754346189641,0.027742748755980772,0.9224806506087252,1.0672505275051236,0.14476987689639842,0.9992371456734761,0.03748078442133851,0.9989594552329417,-0.0006617110545118144,0.027742748755980772,-0.07675649506475091,0.06801338183164751,0.14476987689639842,-5.551115123125783e-17,0.037480784421338564,0.02770437576199852,-0.0006469210403911233,0.3583762850543058,-0.8469396123364381,1.087229492631755,1.934169104968193,-0.011352880364347007,0.4617691737383031,0.3577790775378848,0.11506969411240978,3.033333333333333,0.8631742088319446,19.202339614653454,3.033333333333333,0.7859440639697208,1.044820551264794,0.9266666666666666,0.0,-0.07088608014942398,0.013894007618915375,-0.1117637655824195,0.0,0.0025
participant-02,demo-session-segment-0,2026-01-02 12:01:30+00:00,2026-01-02 12:01:59.900000+00:00,2.0,2026-01-02 12:04:48.600000+00:00,0,68.07393860781083,1.0065933966129308,66.59659972784262,69.94023954701498,3.343639819172367,67.74164571153065,1.8269850796946798,68.08135552713298,-0.036169004940254094,0.09530906200942536,0.1726177297230798,-0.002799083434586262,0.029071794934726843,-0.10091649991281074,0.07996031854685684,0.18087681845966758,-0.0012197810850051324,0.03719006288269539,0.029157964571133822,-0.0006873786252360766,0.027739630247691775,-0.08753129897778927,0.07133757978050904,0.1588688787582983,0.0006706621616720191,0.04234760314736943,0.027701888359800052,1.0008786181592,0.028236121050724095,0.9074530850720433,1.0795988482296819,0.17214576315763863,0.9993509758734561,0.03536855056553001,1.001275501160971,1.001686113148227,0.028245367828971454,0.9079471323268151,1.080525473625248,0.17257834129843297,1.0001088519961416,0.03567133015632673,1.0020829360595778,0.001577261152085484,0.028245367828971454,-0.09216171966932651,0.08041662162910646,0.17257834129843297,-1.1102230246251565e-16,0.03567133015632676,0.02824233029555329,0.0009673381884137044,0.3629166239156713,-0.8769679703561273,1.087229492631755,1.9641974629878822,0.000525819495978963,0.44642991354591904,0.362312549333406,0.11927280696921118,3.6,0.8628746150206638,19.690595271349526,3.6,0.7863726116663342,1.0466281994366493,0.92,0.0,-0.027485781611169935,-0.05004073794800429,-0.01814604180740342,0.0,0.0025
participant-02,demo-session-segment-0,2026-01-02 12:01:45+00:00,2026-01-02 12:02:14.900000+00:00,2.0,2026-01-02 12:04:48.600000+00:00,0,69.77603029412484,2.2032731672263033,66.59659972784262,73.16380130911345,6.567201581270837,69.63804688529814,4.378012540174595,69.81069140812565,0.2473287058512105,0.09036356689069813,0.17767802802984348,-0.0017064961232774929,0.032042941026744994,-0.10091649991281074,0.07996031854685684,0.18087681845966758,0.0011293275769304776,0.039909215990089196,0.03203497617339638,-0.0006174990855739617,0.028915943112741052,-0.0804105957560032,0.09188903958095507,0.17229963533695827,-0.00047940484922967086,0.039774587957371696,0.028874313244352037,0.9992378869893376,0.02767641428027401,0.9074530850720433,1.0795988482296819,0.17214576315763863,0.9988308370689808,0.033590540245092004,0.9996198204430713,1.0001683271313444,0.027669849262628523,0.9079471323268151,1.080525473625248,0.17257834129843297,0.9998357683150209,0.032908781740065285,1.000549724444718,0.0003325588163235745,0.027669849262628523,-0.09188863598820574,0.08068970531022723,0.17257834129843297,0.0,0.032908781740065396,0.027625696100831744,-0.00014874911762615387,0.3432530922529423,-0.886176207280196,0.9923312587517752,1.8785074660319712,0.0008507487192399577,0.4256711246205927,0.34268055851337154,0.11446171202197342,3.533333333333333,0.8785173477273727,17.615157607685155,3.533333333333333,0.8002808198008923,1.0474870340759617,0.9233333333333333,0.0,-0.002198487715132096,-0.11104855489017741,0.005937959233676391,0.0,0.0008333333333333334
participant-02,demo-session-segment-0,2026-01-02 12:02:00+00:00,2026-01-02 12:02:29.900000+00:00,2.0,2026-01-02 12:04:48.600000+00:00,0,71.84687486801641,0.9829518411004894,69.63804688529814,73.16380130911345,3.5257544238153145,71.99129228499685,1.5769991434927704,71.85357612516297,0.01943995568263234,0.10094158894222438,0.184071208447306,0.002248671502509177,0.031090364626320047,-0.09401079575010286,0.07918736593828352,0.17319816168838637,0.0030867492018147942,0.03848339984333144,0.031119853152209304,-0.0002270388609282604,0.02889439774774867,-0.0804105957560032,0.09188903958095507,0.17229963533695827,-0.00047940484922967086,0.036859614989995126,0.028847093679932323,0.9955774831396078,0.02952537408916606,0.8958740323632923,1.0827855191432474,0.18691148677995506,0.996716359570549,0.03765423625937259,0.9960137382707049,0.9964830468108024,0.02946861007758674,0.8971031962857502,1.0837713615484208,0.1866681652626706,0.9972399192332628,0.03758226737786663,0.9969172317188516,-0.0007568724224604269,0.02946861007758674,-0.10013672294751264,0.08653144231515797,0.1866681652626706,-5.551115123125783e-17,0.03758226737786674,0.029429189124105647,0.00035348151753720043,0.3524247175713342,-1.0439750797305125,0.9923312587517752,2.0363063384822877,-0.004703731072372985,0.4578290631656273,0.3518370303126631,0.12982565888299757,2.8,0.8599262672388253,18.568380460656012,2.8,0.7878546154520889,1.0423959504440299,0.9266666666666666,0.0,0.0017686975694018218,-0.1712408693076706,0.002466406933584589,0.0,0.0016666666666666668
participant-02,demo-session-segment-0,2026-01-02 12:02:15+00:00,2026-01-02 12:02:44.900000+00:00,2.0,2026-01-02 12:04:48.600000+00:00,0,70.23129482801848,1.9324695481577503,66.88767425406621,73.16130607744316,6.273631823376945,70.05791588310649,3.6574429217315725,70.25778792166815,-0.2054496344630382,0.10369680717429819,0.1881345346573559,0.003709110512618351,0.028084183222711834,-0.08852046060908501,0.08329993993843864,0.17182040054752365,0.004022671538646113,0.033745728921097014,0.028281615528891593,-0.0022262854238444393,0.028455475957862592,-0.08023589926010613,0.08892282808111332,0.16915872734121945,-0.0015559155195054594,0.03533110822518057,0.028495112067457404,0.9967605567228123,0.0300561696378001,0.8958740323632923,1.0827855191432474,0.18691148677995506,0.9974071742475876,0.03835535099721876,0.9972120985664095,0.9975693563522122,0.030036265420060375,0.8971031962857502,1.0837713615484208,0.1866681652626706,0.9977219809624585,0.03795991566048462,0.9980199350292976,-0.0001526246102461278,0.030036265420060375,-0.10061878467670826,0.08604938058596234,0.1866681652626706,-5.551115123125783e-17,0.03795991566048462,0.029986551605478407,-0.0010274424000324834,0.3432697383066687,-1.0439750797305125,1.0099779888490112,2.0539530685795238,-0.00816962918281594,0.44095104427061466,0.34269868470357034,0.13487581770331183,0.5666666666666667,0.8842062138227451,17.616201529532123,3.6666666666666665,0.8212637429795747,1.0412514645279685,0.9033333333333333,0.0,0.029041787749673198,-0.11892644409271597,-0.02857523351471872,0.0,0.0008333333333333334
participant-02,demo-session-segment-0,2026-01-02 12:02:30+00:00,2026-01-02 12:02:59.900000+00:00,2.0,2026-01-02 12:04:48.600000+00:00,0,68.3139271825647,0.9186353077659453,66.82245525702524,70.58106008444484,3.758604827419603,68.20397607941801,1.3969432662921122,68.320082881712,-0.018397045354387572,0.10227534300919092,0.1874844598684794,0.003245707218354907,0.02750518348136812,-0.08072963678172619,0.08465461523380294,0.16538425201552914,0.0027507569436231605,0.03678206374521997,0.027650460212502698,-0.00011162542666358577,0.03077068010254739,-0.08023589926010613,0.09544917775987774,0.17568507701998387,-0.0010427117854780793,0.03778064784189351,0.030719555634198325,0.9964518483908019,0.029305607091190473,0.9124384237740327,1.0881565646639224,0.17571814088988968,0.9968281641734145,0.03708120646528246,0.9968812577432374,0.9973105354677708,0.029240845116550087,0.914660929493235,1.0883331434752743,0.17367221398203936,0.997784217214259,0.03711803718354023,0.9977376815015382,-0.00047368174648819926,0.029240845116550087,-0.08312328772102406,0.0905489262610153,0.17367221398203936,-5.551115123125783e-17,0.037118037183540314,0.029195912512711898,0.0010296798218767662,0.36267425440303547,-1.1516781775984852,1.3589696625171,2.510647840115585,-0.03157629807262696,0.482106590578458,0.36207075689425305,0.12782654042557154,3.5,0.8872990688800731,19.66429604504802,3.5,0.8133024636012924,1.042586577568588,0.91,0.0,-0.03995529462529709,0.018113166852979604,-0.04054998898335052,0.0,0.0008333333333333334
participant-02,demo-session-segment-0,2026-01-02 12:02:45+00:00,2026-01-02 12:03:14.900000+00:00,2.0,2026-01-02 12:04:48.600000+00:00,0,69.98241059963917,2.082725725066078,66.82245525702524,73.07380275637841,6.251347499353173,70.35328984290068,4.455191568604789,70.01329217104079,0.2337323303153702,0.12469536914984597,0.2226876536034046,0.0005711557692604231,0.028078256672037533,-0.08072963678172619,0.08736510252598907,0.16809473930771526,-0.0010352042039010714,0.03726271567091047,0.028037238719147144,-0.0005663850582959751,0.03085014768425058,-0.075364695560564,0.09544917775987774,0.17081387332044173,-0.0016992553123980085,0.04042409199458027,0.03080389529697825,0.9990731980892993,0.030009043888360426,0.8999188818904382,1.0881565646639224,0.18823768277348418,0.9989098677306887,0.036045522264930074,0.9995222839168837,0.9999433817056251,0.02993297110547303,0.9004814672822758,1.0883331434752743,0.18785167619299847,1.0001983439033149,0.03557939126721443,1.0003898054093139,-0.0002549621976897994,0.02993297110547303,-0.09971687662103901,0.08813479957195947,0.18785167619299847,-1.1102230246251565e-16,0.03557939126721449,0.02988412882661961,0.00048703522054477,0.37406311577000917,-1.1516781775984852,1.3589696625171,2.510647840115585,-0.020964281639819782,0.5002869139040258,0.3734394744367661,0.13394944626414254,2.0666666666666664,0.878632355128539,20.91852888470925,3.5,0.8266747402595106,1.0456491560345496,0.91,0.0,-0.15282066222564072,-0.048123750939111094,0.005339148742078194,0.0,0.0008333333333333334
participant-02,demo-session-segment-0,2026-01-02 12:03:00+00:00,2026-01-02 12:03:29.900000+00:00,2.0,2026-01-02 12:04:48.600000+00:00,0,71.86067599995964,0.8824958127144887,69.92116959254656,73.63118209990755,3.710012507360986,72.03530787569237,1.4288362069925853,71.86607654543577,0.0012903808551966852,0.12888930215060024,0.22836816461630427,0.0016480251592476138,0.029579893089600913,-0.09205785475771322,0.08736510252598907,0.17942295728370228,0.001143469383283945,0.03884260790388522,0.029576502416621638,-0.00197825403035795,0.02948441242673374,-0.075364695560564,0.08348123241328226,0.15884592797384625,-0.002114882826347672,0.0394614297592772,0.029501632100126133,1.0018386696245174,0.028463967749214437,0.8999188818904382,1.0768815404286534,0.17696265853821513,1.000927912599244,0.03929794464627079,1.0022415960021072,1.00271098948364,0.028402343113618698,0.9004814672822758,1.0797089551848071,0.1792274879025313,1.0015936404286991,0.039888590631476206,1.0031118245483015,0.0011173490549407068,0.028402343113618694,-0.10111217314642329,0.078115314756108,0.1792274879025313,0.0,0.03988859063147615,0.028376972817288924,-0.0005745697598825727,0.3375755515004793,-1.0743345054946185,0.9002903562194187,1.9746248617140372,0.015584857649266759,0.43590819584529567,0.3370129457325918,0.12060388922006832,2.7666666666666666,0.8679586812974031,17.03745835399384,2.7666666666666666,0.805636009968032,1.04875970147152,0.9233333333333333,0.0,6.931146535359997e-05,-0.09276623084354807,-0.01497719712138454,0.0,0.0008333333333333334
participant-02,demo-session-segment-0,2026-01-02 12:03:15+00:00,2026-01-02 12:03:44.900000+00:00,2.0,2026-01-02 12:04:48.600000+00:00,0,70.06913117061698,1.958466323719433,67.14787405783561,73.63118209990755,6.48330804207194,69.90519746305264,3.8694058295508427,70.09640467274436,-0.21609997751962864,0.11563311950729799,0.21405636831828878,0.0021281685373462857,0.03092434865005435,-0.09205785475771322,0.07670557404235535,0.16876342880006856,0.0008613983789293675,0.043362173902333545,0.030946029195283983,-0.0003216555065695414,0.027964287281210438,-0.06804065393273123,0.0747807086312692,0.14282136256400044,-0.0003800087866014227,0.0367236586790048,0.027919494160899255,0.999970628352108,0.028822589678606472,0.9084618986581187,1.0768815404286534,0.1684196417705347,1.0003007467747747,0.04104074489951104,1.0003845411159509,1.0008402457768653,0.028774072328386302,0.9089650834983859,1.0797089551848071,0.17074387168642124,1.0009174431608927,0.04039297076371351,1.0012524082272798,-7.719738402747792e-05,0.028774072328386302,-0.09195235966250681,0.07879151202391443,0.17074387168642124,-1.1102230246251565e-16,0.040392970763713565,0.0287261792389354,0.00012054452681503032,0.35276542375646724,-0.8190098971282356,1.0668812661001936,1.8858911632284292,0.017134548874012112,0.4891721478333008,0.35217701124349754,0.12377943821061194,2.7333333333333334,0.8746820291190286,18.60489552207116,2.7333333333333334,0.8041998036645421,1.0475230752108526,0.9266666666666666,0.0,0.06180304836242542,0.03701722462132691,0.005086868349196732,0.0,0.0008333333333333334
participant-02,demo-session-segment-0,2026-01-02 12:03:30+00:00,2026-01-02 12:03:59.900000+00:00,2.0,2026-01-02 12:04:48.600000+00:00,0,68.34699746433292,0.7335473282317793,67.14787405783561,70.04353680819875,2.895662750363144,68.1569999809194,1.1825644493984981,68.3509206992367,0.007630875261223231,0.10589067291592007,0.1982819329084146,0.00021730253805277527,0.029240956980348082,-0.08622921166021882,0.08643424555738506,0.1726634572176039,-0.0019937447787765016,0.04091304858086327,0.029192990145510207,0.0026126427634718154,0.028109295163425183,-0.07628882986764321,0.10172085401615871,0.17800968388380192,0.001504916499081493,0.03492776728341827,0.028183764863459925,1.0001757343457338,0.028721802585289505,0.9084618986581187,1.0734054532488495,0.16494355459073085,1.0024675776850978,0.03748142013750577,1.0005866737625966,1.0009987302618413,0.02871476030180231,0.9089650834983859,1.0736195469261525,0.16465446342776657,1.0030244980573508,0.03699497685520858,1.001409130668785,-0.002025767795509338,0.02871476030180231,-0.09405941455896494,0.07059504886880164,0.16465446342776657,1.1102230246251565e-16,0.03699497685520847,0.028738349572548262,-0.0006002126882162661,0.35034935998532213,-0.8190098971282356,1.0668812661001936,1.8858911632284292,-0.003996872965713605,0.49888869026050553,0.3497654719721805,0.12326835605849183,1.0333333333333332,0.8600297906109192,18.35040777564724,3.533333333333333,0.8017031555742646,1.0459419731418789,0.9233333333333333,0.0,-0.04453075089855552,0.027873686886723297,0.14240130363949485,0.0,0.0016666666666666668
participant-02,demo-session-segment-0,2026-01-02 12:03:45+00:00,2026-01-02 12:04:14.900000+00:00,2.0,2026-01-02 12:04:48.600000+00:00,0,70.47486996187627,2.1918635479041,67.35478406228863,73.75705600209685,6.402271939808216,70.04353680819875,4.3466636377277865,70.50883311852938,0.23760339209907638,0.10310589087036076,0.18333506909753153,-0.0018351834668743135,0.027156820484151772,-0.09381402620005447,0.08643424555738506,0.18024827175743952,-0.0017146702542688989,0.03199821377377057,0.027173562289527654,0.0018068368009815706,0.02949167449229501,-0.08754504106386665,0.10172085401615871,0.18926589508002536,0.0013146196587541987,0.037169158460264404,0.029497869878524003,1.0011819133398923,0.028135850250306568,0.918470223095461,1.0791499507043167,0.16067972760885574,1.0023378125112101,0.03765107339011087,1.0015758637840024,1.0019861954879137,0.028089711417026215,0.9208777405132285,1.0793018751397316,0.15842413462650318,1.0032860394704741,0.03680924827797094,1.0023785401381775,-0.0012998439825604772,0.028089711417026215,-0.08240829895724566,0.07601583566925751,0.15842413462650318,1.1102230246251565e-16,0.03680924827797094,0.02807296520817087,-0.0001817514423486218,0.3366723509099554,-1.0896595407358889,1.0605967768523328,2.1502563175882217,0.010936308964054064,0.47971986111906256,0.33611081108457685,0.11796038797383827,2.6666666666666665,0.8721257781722834,16.94565086280804,2.6666666666666665,0.8116442568074385,1.0450065550462122,0.9366666666666666,0.0,-0.003625867442824368,-0.08016037830882723,0.07260390594359475,0.0,0.0016666666666666668
participant-02,demo-session-segment-0,2026-01-02 12:04:00+00:00,2026-01-02 12:04:29.900000+00:00,2.0,2026-01-02 12:04:48.600000+00:00,0,72.12884821135934,1.0116748993815865,68.77791072222244,73.75705600209685,4.979145279874402,72.3757891826985,1.0568396057554565,72.13591906102683,-0.05766156127918718,0.12064174836313847,0.21868414419993507,-0.0010066145466874304,0.029018455005879414,-0.09381402620005447,0.07696286966227658,0.17077689586233105,-0.0012175169325081853,0.03452319380998266,0.02898753355043204,-0.0006262695776467736,0.028310201239257468,-0.08754504106386665,0.07138240527275505,0.1589274463366217,0.0008075343771570922,0.03823463418287533,0.028269915979307697,1.002106423073818,0.027625047885801886,0.9201843405152709,1.0791499507043167,0.15896561018904587,1.0032984354418835,0.03709016756420436,1.0024858515837478,1.002924970492072,0.027593285497839567,0.9228550090756268,1.0793018751397316,0.15644686606410485,1.0046848118094,0.037579254105586934,1.003303218312593,-0.001759841317328129,0.027593285497839567,-0.08182980273377327,0.07461706333033158,0.15644686606410485,0.0,0.03757925410558707,0.027603414305943645,3.3427696919629364e-05,0.34792474757373654,-1.0896595407358889,1.1435084371996351,2.233167977935524,0.002386470359680426,0.4770109058109123,0.34734439056707356,0.11382845828225158,2.6666666666666665,0.8785926829243439,18.097501659479835,3.6666666666666665,0.8043717321522119,1.0469830150058486,0.9366666666666666,0.0,0.0308579193056068,0.10037758139630429,-0.04347022823285094,0.0,0.0
participant-02,demo-session-segment-0,2026-01-02 12:04:15+00:00,2026-01-02 12:04:44.900000+00:00,2.0,2026-01-02 12:04:48.600000+00:00,0,69.89079112213578,2.173307491081576,66.19866056463874,73.41073168518147,7.212071120542731,69.741175795865,4.237957231054111,69.92446070518268,-0.24222535948125606,0.12257647130018252,0.22737878722672722,0.0009008135595474451,0.028722799729570227,-0.082936973409957,0.08477920309951395,0.16771617650947096,0.0005780931339808438,0.037666108176097855,0.02868903435042236,0.004527529241456785,0.028250337473599084,-0.08272993536611747,0.10329185341299171,0.1860217887791092,0.005535736571918198,0.03532717650713068,0.028564310187946813,1.0006390424904545,0.029491892949776173,0.9090352258702148,1.0723939514755938,0.163358725605379,1.0019433031184761,0.03844300222150254,1.0010721082253808,1.0014570079216545,0.029514595786444903,0.9093630759525643,1.0727716725200904,0.16340859656752615,1.0031971339899302,0.03860328070614083,1.0018903864072564,-0.001740126068275727,0.0295145957864449,-0.09383405803736589,0.06957453853016027,0.16340859656752615,0.0,0.03860328070614097,0.029516702028217854,-0.0021659130934491774,0.3594992319166418,-1.102956049056255,1.1435084371996351,2.2464644862558902,-0.020358819619620272,0.5041988139332108,0.3589061018368011,0.13023312472027448,1.5333333333333332,0.8658915623839394,19.321337326512023,3.2333333333333334,0.8161091046462672,1.045809552054453,0.9033333333333333,0.0,0.0021299682933870853,0.17894908422774125,0.02850331696208245,0.0,0.0008333333333333334
participant-02,demo-session-segment-0,2026-01-02 12:04:30+00:00,2026-01-02 12:04:59.900000+00:00,0.0,2026-01-02 12:07:59.900000+00:00,0,68.1673566989807,1.280411395972276,66.19866056463874,70.64040151565483,4.441740951016087,68.13520657303097,2.3468018042010783,68.17934076994678,0.013619949835014085,0.10439699489804323,0.20107108170842647,0.0005332989634645146,0.028833211289002084,-0.12414076016205645,0.08949165811958756,0.21363241828164403,-5.965362458044184e-05,0.039626993300513516,0.028790055588285148,0.004292169201988688,0.027798556974858418,-0.0665494238321683,0.10329185341299171,0.16984127724516002,0.004941894813008418,0.036256066613897006,0.028082140595818813,0.9994571009203788,0.03087861972025138,0.8695008696382842,1.0723939514755938,0.20289308183730959,0.9998982382174536,0.039666866108307386,0.9999324014346219,1.0002633401563927,0.03096332439188996,0.8708807042124287,1.0727716725200904,0.20189096830766173,1.0009925294279283,0.03973616717035655,1.000740866238623,-0.0007291892715354735,0.030963324391889955,-0.13011182521549958,0.07177914309216216,0.20189096830766173,0.0,0.03973616717035644,0.03092027516371427,-0.00218660031647961,0.38289432837731757,-1.102956049056255,1.507288143653489,2.610244192709744,-0.030326244373803934,0.5488386483941593,0.38226189238372005,0.14333869695294219,1.5666666666666667,0.8717620775254724,21.918996709976643,3.2333333333333334,0.828546561990128,1.0442693041382332,0.8833333333333333,0.0,-0.021029934925109715,0.022684062334991616,0.020718927307447677,0.0,0.0016666666666666668
participant-02,demo-session-segment-0,2026-01-02 12:04:45+00:00,2026-01-02 12:05:14.900000+00:00,0.0,2026-01-02 12:07:59.900000+00:00,0,70.22514780901541,2.3050323567614037,66.37879242243453,74.02824221070864,7.6494497882741115,70.45005807428248,4.394314342418085,70.26284116361384,0.2593559746138613,0.12278088580670612,0.2420905347354671,-0.0024289124756356243,0.030295954091338506,-0.12414076016205645,0.08949165811958756,0.21363241828164403,-0.003368195032627556,0.04005325210004307,0.030342791027487465,0.00017709009570503363,0.027829657434941577,-0.0665494238321683,0.09565857241595457,0.16220799624812288,0.000170421278313643,0.037469901144434485,0.02778380033529806,0.9994104741347227,0.02916164840315516,0.8695008696382842,1.0848986081702428,0.21539773853195854,1.0001660833076103,0.03487384017827422,0.9998344177289168,1.0002572303154813,0.029151213516740243,0.8708807042124287,1.084972775175159,0.2140920709627303,1.0010464998452635,0.03485979944580342,1.0006805121534703,-0.0007892695297821806,0.029151213516740243,-0.1301657956328348,0.0839262753298955,0.2140920709627303,1.1102230246251565e-16,0.03485979944580336,0.029113288232767976,0.0005003373223737303,0.36506509714266555,-1.0970334963745465,1.507288143653489,2.6043216400280356,-0.01731001882669503,0.4880456668697647,0.36445649087197507,0.12704413159552,0.8333333333333334,0.8732901653320345,19.924345886906053,3.6666666666666665,0.8116601223311475,1.0452336757043577,0.8966666666666666,0.0,-0.08560366342146275,0.04077918373941457,-0.032364828785183666,0.0,0.0016666666666666668
participant-02,demo-session-segment-0,2026-01-02 12:05:00+00:00,2026-01-02 12:05:29.900000+00:00,0.0,2026-01-02 12:07:59.900000+00:00,0,72.20196618901012,1.0986604343284916,69.90810053411255,74.02824221070864,4.120141676596091,72.4285057287342,1.6578202854995538,72.21029672278799,-5.840049733730818e-05,0.12463850421905069,0.24175101604046811,-0.0012685224815023248,0.02969362668292215,-0.09855513060382814,0.08633009493703914,0.18488522554086728,-0.00167925096020868,0.03636353130211898,0.029671224724507197,-0.0022682839780757856,0.028882106685153255,-0.08897610974709676,0.08584419304476137,0.17482030279185812,-0.0033723350571620843,0.03917439412133729,0.02892301180414183,0.9961963065960898,0.028878485749440342,0.8971447143705569,1.0848986081702428,0.18775389379968588,0.9975516239783415,0.03534576049769411,0.996613399631509,0.997062540974069,0.028709359524306772,0.9000990980601149,1.084972775175159,0.1848736771150441,0.9985167981323766,0.034500763926491484,0.9974744059441069,-0.0014542571583075108,0.028709359524306775,-0.0984177000722617,0.0864559770427824,0.1848736771150441,-5.551115123125783e-17,0.03450076392649157,0.028698340784165083,-0.0003429459904200568,0.33971550382839916,-1.108309131311268,0.9709791645139276,2.0792882958251955,-0.005487376873505867,0.3895539488236624,0.33914901209969267,0.1232251543857997,1.6666666666666667,0.8895602155967087,17.25487472520838,3.2333333333333334,0.8487729508973186,1.0419874577946562,0.9166666666666666,0.0,-0.08763132584575802,0.10749665238279348,0.037261849815112776,0.0,0.0008333333333333334
participant-02,demo-session-segment-0,2026-01-02 12:05:15+00:00,2026-01-02 12:05:44.900000+00:00,0.0,2026-01-02 12:07:59.900000+00:00,0,70.18270519837797,2.2832547478724905,66.52523316577687,74.02824221070864,7.503009044931773,69.99811955031264,4.1357293110950195,70.21971221600552,-0.2599773428576956,0.09344518256021482,0.17855259083723246,0.0005162572291369993,0.029831511611296414,-0.09855513060382814,0.08633009493703914,0.18488522554086728,0.00038067212669719687,0.03538788918480239,0.029786225165191697,-0.0033797439782267064,0.029896038446475794,-0.09824778570112834,0.08584419304476137,0.18409197874588973,-0.0035122562995531766,0.04457189665566024,0.03003691962294971,0.9953873070177455,0.028338954910720988,0.8971447143705569,1.0712941229821942,0.1741494086116373,0.9955537684227728,0.03483313440917479,0.9957892901360139,0.9962898637278809,0.028194027914815307,0.9000990980601149,1.0719348541373697,0.17183575607725476,0.9965450449082041,0.03446063802542765,0.9966873863451938,-0.00025518118032334024,0.02819402791481531,-0.09644594684808916,0.0753898092291656,0.17183575607725476,0.0,0.034460638025427676,0.02814815535926475,0.0004611733975707059,0.34806365017777247,-1.108309131311268,0.9709791645139276,2.0792882958251955,0.003747613919883319,0.4663966370501105,0.34748336589549217,0.1188395552494356,3.2333333333333334,0.8633793385434224,18.112034542254587,3.2333333333333334,0.788157347954653,1.0427936833586566,0.93,0.0,-0.04979764734326994,0.12731431546470867,-0.048211288257321655,0.0,0.0016666666666666668
participant-02,demo-session-segment-0,2026-01-02 12:05:30+00:00,2026-01-02 12:05:59.900000+00:00,0.0,2026-01-02 12:07:59.900000+00:00,0,68.07724181847743,1.1226644672939337,66.52523316577687,70.60732486085517,4.082091695078304,67.83450044665892,1.6584201865396437,68.08646728877841,0.0005359277010915766,0.08980172410639911,0.17433522579461225,-3.991578553176278e-05,0.03139491415718834,-0.07468448923252402,0.09849371594614709,0.1731782051786711,-0.00018014202168501804,0.0422998943971427,0.031342571040424164,-0.0011665023687213204,0.029271182797317104,-0.09824778570112834,0.10544604792983983,0.20369383363096816,0.0009647746575203172,0.04079257641079746,0.02924562981009309,0.9980889864841189,0.028111966611060593,0.8728433994950756,1.0728416983830942,0.19999829888801857,0.9988562873476146,0.034511739893241744,0.9984834867598368,0.9990115623977268,0.028025940268020404,0.873910861246698,1.0740494095333497,0.20013854828665167,0.9995510902309914,0.03549414982548971,0.9994032904461013,-0.0005395278332645806,0.028025940268020407,-0.1256402289842934,0.07449831930235828,0.20013854828665167,-5.551115123125783e-17,0.035494149825489624,0.02798439280080642,0.000611004269244404,0.34697349141260214,-1.1619909706296283,0.9027549643827648,2.064745935012393,0.010432651673087934,0.4997776932479747,0.3463952584213463,0.11742612866949606,3.2333333333333334,0.8590416237459831,17.998516752972076,3.2333333333333334,0.7925293076794823,1.0463048906562977,0.9366666666666666,0.0,-0.06185678769470695,0.11035178654297648,-0.040900326689049485,0.0,0.0025
participant-02,demo-session-segment-0,2026-01-02 12:05:45+00:00,2026-01-02 12:06:14.900000+00:00,0.0,2026-01-02 12:07:59.900000+00:00,0,69.91201272615031,2.2489544110065713,66.52523316577687,74.25636166640246,7.731128500625587,70.22808528113785,4.397958739005546,69.94805544148015,0.25165769140758704,0.09163666113317169,0.17438418287133736,-0.00080619488299391,0.02944786727117915,-0.07468448923252402,0.09849371594614709,0.1731782051786711,-0.0028439302121743984,0.04235935808734051,0.029409798492808704,-0.0009732463255369048,0.028383366095798928,-0.07295410304856831,0.10544604792983983,0.17840015097840814,0.0024556891026874935,0.039018679802495834,0.028352729929148363,0.998231779459266,0.02818402181349787,0.8728433994950756,1.0728416983830942,0.19999829888801857,0.9974031582749573,0.03732513825044936,0.9986282475531346,0.9990667785451484,0.02820308031790638,0.873910861246698,1.0740494095333497,0.20013854828665167,0.9987704719315218,0.03787131041792824,0.9994634512341447,0.0002963066136265543,0.02820308031790638,-0.12485961068482376,0.07527893760182791,0.20013854828665167,0.0,0.03787131041792807,0.02815759503040277,-0.00038710944080770843,0.32795732992536,-1.1619909706296283,0.8610724272027304,2.0230633978323587,0.018852541358298502,0.46271391406125933,0.32741050696536605,0.11891468037842524,0.4666666666666667,0.8627293581917524,16.07988488052455,3.3333333333333335,0.8276888689144757,1.0443086950935194,0.95,0.0,-0.008256062200894296,0.0020198023786472683,0.002450384492215218,0.0,0.0016666666666666668
participant-02,demo-session-segment-0,2026-01-02 12:06:00+00:00,2026-01-02 12:06:29.900000+00:00,0.0,2026-01-02 12:07:59.900000+00:00,0,71.83373847133463,1.145248118085717,69.69629275917086,74.25636166640246,4.560068907231596,72.04170830207057,1.8549852930601247,71.84283683181347,0.0005114702798701756,0.10098315589811932,0.19161911052467978,9.325016665045631e-05,0.029182602274816685,-0.0965037476220919,0.08534857518846434,0.18185232281055624,-0.001261532236620708,0.040051017567040006,0.029134073239741397,-0.001968063645277906,0.02852527965462435,-0.11720779480419012,0.09398408857743147,0.2111918833816216,0.0006759775186465893,0.035784367635519454,0.02854562223217088,0.9976073718927613,0.02711497880226606,0.9282693618773736,1.070481097722924,0.14221173584555036,0.9973358444157137,0.035518235909767104,0.9979745687090316,0.9984396884318697,0.027157569321415366,0.9291746485305928,1.0719817972869452,0.14280714875635236,0.9979775977577554,0.036580460955571215,0.9988077325302094,0.0004620906741141876,0.027157569321415366,-0.06880294922716257,0.0740041995291898,0.14280714875635236,5.551115123125783e-17,0.0365804609555713,0.027116206482478814,-0.00016009456475981547,0.31790759525933115,-1.1140604608675897,0.8526205070533155,1.9666809679209052,0.0020528547337039793,0.4452545439338207,0.31737734736970197,0.11026161844248908,2.6,0.8715414363213119,15.109350530556387,2.6,0.8187866592180422,1.0433127802504567,0.9366666666666666,0.0,0.04862910710709234,-0.11289267849895637,-0.049238153618198714,0.0,0.0016666666666666668
participant-02,demo-session-segment-0,2026-01-02 12:06:15+00:00,2026-01-02 12:06:44.900000+00:00,0.0,2026-01-02 12:07:59.900000+00:00,0,70.00112704383594,2.192247851559216,66.64746907104751,73.42295675243118,6.775487681383666,70.13037792768661,4.254505147560053,70.03533192763813,-0.2470516881377337,0.08758453859041655,0.17373994311696556,0.001969962675818964,0.028593064940298084,-0.0965037476220919,0.08534857518846434,0.18185232281055624,0.0021208335958422427,0.03818664406817778,0.0286132644837196,-0.0023767671506227275,0.027544864221174355,-0.11720779480419012,0.0702161083562941,0.18742390316048424,-0.0030381492519483567,0.032049269824496275,0.027601440214259365,0.9971604282137946,0.027630400085359285,0.9280271094479025,1.0871982947626833,0.1591711853147808,0.997754400243895,0.03839743873989998,0.9975418857409944,0.9979519829608349,0.027654314713879042,0.928029441252077,1.0877870554721136,0.15975761422003665,0.9980955398230591,0.03798412807666185,0.9983337979924428,-0.00014355686222425335,0.027654314713879042,-0.07006609857098212,0.08969151564905453,0.15975761422003665,0.0,0.03798412807666188,0.027608558946927632,-0.00011413676451423881,0.32741367772268876,-1.0104151943616324,0.8526205070533155,1.863035701414948,-0.0010354026035636066,0.44234115193999446,0.3268675526864534,0.11433182512133899,0.6333333333333333,0.8668778755768045,16.02636368062257,3.1,0.8238926104789672,1.0411016757902933,0.93,0.0,0.04857789834518635,-0.08874910904956845,0.042511525592554576,0.0,0.0008333333333333334
participant-02,demo-session-segment-0,2026-01-02 12:06:30+00:00,2026-01-02 12:06:59.900000+00:00,0.0,2026-01-02 12:07:59.900000+00:00,0,67.83961635884812,1.1376096110784606,65.88063564165796,70.70696447411238,4.826328832454422,67.5771364389871,1.9363771448264515,67.84912224554434,-0.03708786043880967,0.0709194186451211,0.1443825024698428,0.0004323421609466312,0.027268897553490535,-0.07823947532522427,0.07717442825617415,0.15541390358139842,0.0002646761354512671,0.03596510806248418,0.027226844307550922,-0.00020309735792463092,0.029097153968443142,-0.08367946700764295,0.10971960814205514,0.1933990751496981,-0.001683907932595204,0.034441938483849265,0.029049328214318573,0.9971273205102329,0.028001423173529362,0.9280271094479025,1.0871982947626833,0.1591711853147808,0.99707875952346,0.039907266026355526,0.9975191022775757,0.9979211912571092,0.028025668525321318,0.928029441252077,1.0877870554721136,0.15975761422003665,0.9977693939069292,0.04063515932621076,0.9983133395529238,0.00015179735018000146,0.028025668525321314,-0.06973995265485222,0.09001766156518443,0.15975761422003665,5.551115123125783e-17,0.04063515932621076,0.027979331867274287,0.0005290614931997976,0.33577465103975057,-1.1300360023069178,0.9096318152233862,2.039667817530304,-0.00473533305404672,0.4079772826911837,0.33521497699137337,0.11742333163051583,1.1,0.8697988290296277,16.85534632280636,3.1333333333333333,0.8233527734409369,1.0413438807258104,0.94,0.0,0.07462990175925328,-0.05133465072746446,0.01097633884358738,0.0,0.0
participant-02,demo-session-segment-0,2026-01-02 12:06:45+00:00,2026-01-02 12:07:14.900000+00:00,0.0,2026-01-02 12:07:59.900000+00:00,0,69.64956475264327,2.425349837868084,65.88063564165796,73.4478995269975,7.567263885339543,69.73135868642746,4.367966522788578,69.6916392713591,0.2712782717383934,0.07911079679614104,0.14236071906972525,0.00031067409691133956,0.029918858780002548,-0.08097485197095727,0.0802612921746276,0.16123614414558488,0.00021877706241633108,0.04149622884277919,0.029870568045986357,0.0015545085123927008,0.029477732668903727,-0.08367946700764295,0.10971960814205514,0.1933990751496981,0.0025381114356909213,0.03657111388911172,0.029469590500550293,0.9992835184878012,0.02715345088231076,0.9183934440910922,1.0772262463663782,0.15883280227528596,0.9984168315759399,0.039508126939916566,0.9996511404067564,1.0001629860917993,0.02719515808990967,0.9197183225219545,1.0798104782413958,0.16009215571944124,0.9991145414108632,0.03953511910359264,1.0005314138577501,0.0010484446809362958,0.02719515808990967,-0.07939621888890869,0.08069593683053256,0.16009215571944124,0.0,0.03953511910359267,0.02717003136495023,0.0013098536910079266,0.33376151114402486,-1.15063277429734,0.9620526676984664,2.112685441995806,-0.006975780523852948,0.4204170449362993,0.3332073521849387,0.11056775887758276,2.033333333333333,0.8711333511053749,16.65515108219244,3.2,0.8004148261965035,1.045808479634212,0.94,0.0,-0.018414089521461705,-0.0637446708828939,-0.0902760047919296,0.0,0.0008333333333333334
participant-02,demo-session-segment-0,2026-01-02 12:07:00+00:00,2026-01-02 12:07:29.900000+00:00,0.0,2026-01-02 12:07:59.900000+00:00,0,71.80394231939373,1.077987154643288,69.68817086583476,73.4478995269975,3.7597286611627396,71.93787506240265,1.784692225729387,71.81200676343323,0.017054658483391313,0.114169020822123,0.18432574162105564,0.0010991876089389114,0.02998958821964489,-0.08097485197095727,0.0802612921746276,0.16123614414558488,0.0032020415018701523,0.03984330407353978,0.02995973459458926,-0.001291323780270222,0.03059714209283521,-0.09694890543550984,0.07525071252687165,0.17219961796238148,-0.001509590738852995,0.038467207597558215,0.03057338719115819,0.9988331055374177,0.02866697679320687,0.9183934440910922,1.091468361630341,0.17307491753924886,0.9991746596569339,0.041378697703193024,0.9992430279754051,0.9997506226317665,0.02864216796010483,0.9197183225219545,1.0918709391578405,0.172152616635886,0.9999712732543499,0.04169995602044596,1.0001594606155435,-0.00022065062258334563,0.02864216796010483,-0.08025295073239536,0.09189966590349063,0.172152616635886,0.0,0.04169995602044582,0.028595242486596485,-0.001242718387034752,0.35623317833321166,-1.15063277429734,1.1435837634271206,2.2942165377244605,-0.006495415283505057,0.47905440192364285,0.3556411319995012,0.12264918970642315,3.1666666666666665,0.8755233418322783,18.97230830788022,3.1666666666666665,0.8085452430721627,1.0467186729057016,0.9233333333333333,0.0,0.04692504095464293,-0.10028623473370016,-0.01384413337070942,0.0,0.0008333333333333334
participant-02,demo-session-segment-0,2026-01-02 12:07:15+00:00,2026-01-02 12:07:44.900000+00:00,0.0,2026-01-02 12:07:59.900000+00:00,0,69.96623616926617,2.1350929782077035,65.78187158506601,73.38523904634556,7.6033674612795465,70.47972705633987,4.274879575709875,69.99869734725333,-0.2401213527049166,0.12946793499885859,0.21527526351742263,-0.00023305899017339777,0.02857854152143439,-0.07637925430146791,0.07065360182052893,0.14703285612199685,0.0007886043926297835,0.039635896859166395,0.028531822734161393,-0.0016040832863002958,0.029984528694544186,-0.09694890543550984,0.08315864354864495,0.1801075489841548,-0.005069268423823248,0.04065354683919098,0.029977460494287234,1.0001753018097235,0.029301872749003657,0.9187707959904862,1.091468361630341,0.17269756563985494,1.0012688171178539,0.040838838940967515,1.0006030042417497,1.0010334381109787,0.02922306542312808,0.9191366428744279,1.0918709391578405,0.17273429628341264,1.001567338482744,0.040238554717527686,1.0014584789914334,-0.0005339003717652572,0.02922306542312808,-0.08243069560831606,0.09030360067509657,0.17273429628341264,0.0,0.04023855471752774,0.02917920453260587,-0.0007742758027496792,0.3552101143305796,-1.058932270521733,1.1435837634271206,2.2025160339488536,-0.003921780801799946,0.5094165426595115,0.35461844858197433,0.12767126300183892,1.4666666666666666,0.8738783773175606,18.863319659725096,3.1666666666666665,0.8218300919473339,1.0473134257978385,0.9166666666666666,0.0,0.14148329922385652,-0.08237515941837638,0.03215799402453912,0.0,0.0008333333333333334
participant-02,demo-session-segment-0,2026-01-02 12:07:30+00:00,2026-01-02 12:07:59.900000+00:00,0.0,2026-01-02 12:07:59.900000+00:00,0,67.95624648103922,0.9439994207940343,65.78187158506601,70.47972705633987,4.697855471273854,67.81486128420721,1.3077604311901894,67.96278099260304,-0.03854840116444967,0.12315404969955956,0.22246196101213186,0.0001907446359176405,0.02898621596126263,-0.07951759441177375,0.07986972149453136,0.15938731590630512,-0.0006000177194432285,0.03787407081348732,0.028938493917558636,2.1724053237341853e-05,0.028299674844456515,-0.07701360166036633,0.09346212623108838,0.1704757278914547,-0.0004160954812184618,0.037810706876452375,0.028252477701058022,1.001783589426606,0.028754127134441667,0.9140271652366512,1.0702298198293176,0.15620265459266647,1.0002881942318131,0.040879791683912314,1.0021947933771627,1.002597433195187,0.028830546599722704,0.9144317670879364,1.0725589945708782,0.15812722748294183,1.001301065457072,0.04070637951734901,1.0030104898747365,0.0012963677381152058,0.028830546599722704,-0.0868692983691356,0.07125792911380624,0.15812722748294183,-1.1102230246251565e-16,0.04070637951734907,0.02881163512357023,-0.0013842457083401156,0.32229409588960245,-0.7238516557712893,0.8088983024652796,1.532749958236569,0.006075360868308399,0.4736558791722359,0.32175946828957963,0.12426447425121473,1.0666666666666667,0.8820948085492721,15.529451960145144,3.4,0.84194646614526,1.0472476416435228,0.9233333333333333,0.0,0.03076137823258894,-0.11473436072767984,-0.05573635223186381,0.0,0.0033333333333333335
participant-03,demo-session-segment-0,2026-01-03 12:01:15+00:00,2026-01-03 12:01:44.900000+00:00,10.0,2026-01-03 12:03:42.900000+00:00,1,69.94868137727927,2.2726647521366026,66.16229785277775,73.44334372068089,7.281045867903131,69.52862898674088,4.46128524332137,69.98546859750356,-0.2524567791252004,0.10116643294117886,0.213341546936485,-0.0026987215079152136,0.029967183062953595,-0.09517081648703676,0.09510816286127494,0.1902789793483117,-0.004463639552563926,0.03968483134132474,0.030038670381750062,0.0010853702625456608,0.03087134169819592,-0.08997503240728214,0.09391025524555735,0.18388528765283949,0.0017406292141832983,0.03971800808674597,0.03083895211783467,1.000659819457564,0.029107084348685936,0.9223390788887741,1.097797886511928,0.1754588076231539,1.0022861763327726,0.03619832249206767,1.0010816512960345,1.001586002044242,0.029088420560282397,0.9225635024184724,1.0994930855741705,0.17692958315569807,1.0031710072748907,0.03636916883614605,1.0020069037923964,-0.0015850052306486154,0.029088420560282394,-0.08060750485641832,0.09632207829927975,0.17692958315569807,0.0,0.036369168836146104,0.029083122222990494,-0.00012933450484931293,0.34152403535718256,-1.079202506466751,0.9008689764592193,1.9800714829259702,0.0004732212259889179,0.4489456635319883,0.34095437803071654,0.1264973831157103,2.7666666666666666,0.8844470295201764,17.437482157249832,2.7666666666666666,0.8429859330249594,1.0485729300731297,0.9166666666666666,0.0,0.008257279761053971,0.0032022131607318035,-0.06052533621433227,0.0,0.0016666666666666668
participant-03,demo-session-segment-0,2026-01-03 12:01:30+00:00,2026-01-03 12:01:59.900000+00:00,10.0,2026-01-03 12:03:42.900000+00:00,1,67.9787909004039,0.9770010154259883,66.16229785277775,69.5227547163283,3.3604568635505387,67.7660052061488,1.7033975358835391,67.98578793759054,-0.002961959129795161,0.07877172396066606,0.15511263745853787,0.00072121375528519,0.02985293766062007,-0.0904272779839821,0.09510816286127494,0.18553544084525703,-0.00037689189975735225,0.039980575666367694,0.02981186637274579,0.001127240739784285,0.030236554881797016,-0.08997503240728214,0.08867464920892806,0.1786496816162102,0.0021014534872738472,0.03980178630542018,0.030207158510883136,1.002064113226692,0.029406443820999297,0.9234479571437589,1.0958574578654485,0.1724095007216896,1.0031028507685722,0.03830280349650517,1.0024940615743652,1.002962156897562,0.02941699606310531,0.9237738552180198,1.0973688565173612,0.17359500129934136,1.0036568923532312,0.038605728936652595,1.0033920287174873,-0.0006947354556693142,0.02941699606310531,-0.07988303713521139,0.09371196416412997,0.17359500129934136,1.1102230246251565e-16,0.038605728936652595,0.029376143084803723,0.0011710574262356473,0.34300456781303296,-1.0587413767084208,1.0592372351841073,2.117978611892528,0.014559653188931931,0.4395192966354042,0.34243441873975283,0.12937130299787658,2.0,0.8786561162412297,17.589319485239987,2.8666666666666667,0.8386048605992672,1.0493643029224484,0.9266666666666666,0.0,-0.062428631912196365,-0.00287045066463132,-0.19452281912918953,0.0,0.0025
participant-03,demo-session-segment-0,2026-01-03 12:01:45+00:00,2026-01-03 12:02:14.900000+00:00,10.0,2026-01-03 12:03:42.900000+00:00,1,70.05514767986281,2.304425311440233,66.76732743349562,74.68085828395078,7.91353085045516,69.36538825375894,4.617337144840889,70.09291256047224,0.2515214795936156,0.07474782587247107,0.14669534279381025,-0.0053314466412049556,0.07220419069671437,-0.5557250767105251,0.3722548044451598,0.9279798811556849,-0.0012114569067630846,0.04283496450086455,0.0722806428232457,-0.00032239726618667967,0.055244089352877036,-0.39271057968617007,0.30507654120254296,0.697787120888713,-0.00015394066765983427,0.04367409776735247,0.05515288131244348,1.003989953832955,0.05584529376809063,0.7194491867295835,1.3987553883629569,0.6793062016333734,1.0033212001789018,0.0383282278355388,1.0055367365628287,1.0080334370728528,0.057007744276944806,0.7266266867887913,1.4295753141846208,0.7029486273958295,1.0040569866676399,0.03913868439404222,1.0096387770987352,0.003976450405212922,0.05700774427694481,-0.2774302998788486,0.42551832751698093,0.7029486273958295,1.1102230246251565e-16,0.03913868439404211,0.0570513989516953,0.009725655749138414,0.7529624450764318,-3.391107556990476,5.987505099316523,9.378612656306998,0.02037767993693984,0.5103852891498406,0.7517693732763024,0.4859431195836159,3.6333333333333333,0.8912818400731258,84.76374012846372,3.6333333333333333,0.8132939857083036,1.0721861465289686,0.8466666666666667,0.0,0.03575986769316578,0.0926475693448977,0.0053317200888716165,0.0,0.0016666666666666668
participant-03,demo-session-segment-0,2026-01-03 12:02:00+00:00,2026-01-03 12:02:29.900000+00:00,10.0,2026-01-03 12:03:42.900000+00:00,1,74.06172686830263,2.2538993567656305,68.97564678606258,77.13524325916859,8.159596473106006,74.7315683237995,3.7308038666349574,74.09590080081658,0.23551032353018742,0.08504116555711295,0.16464685869114157,-0.014406037180127198,0.17940810553069647,-0.591758921976461,0.4927996178531705,1.0845585398296316,-0.009000702401180907,0.10950905956838405,0.17968725982360298,-0.003981592367356422,0.16832414575314497,-0.5041291713864061,0.7145713501213653,1.2187005215077713,-0.000993219817854263,0.10371547253881885,0.16809053431953674,1.001866937345327,0.16513671003348324,0.42549078162330667,1.624444402910714,1.1989536212874072,1.0023794009497318,0.11160238613044693,1.0153406289039422,1.0319324181851484,0.16328775943187343,0.5596164585682833,1.6625609304598306,1.102944471891547,1.010643875256341,0.12960746544179513,1.0447289274131328,0.02128854292880745,0.16328775943187343,-0.45102741668805757,0.6519170552034896,1.102944471891547,0.0,0.129607465441795,0.16439956852856633,0.0058076337010952335,2.02887671626738,-7.950662995719972,8.740890597587335,16.691553593307304,0.011081372464566419,1.166861921007067,2.0255007584928406,3.9862630856943224,0.03333333333333333,0.8824603720185761,615.4983327407648,3.0666666666666664,0.8326760301808945,1.2328631685676037,0.4766666666666667,0.016666666666666666,-0.015868800954388997,-0.0047650121500385145,0.11457070605955036,0.0,0.0008333333333333334
participant-03,demo-session-segment-0,2026-01-03 12:02:15+00:00,2026-01-03 12:02:44.900000+00:00,10.0,2026-01-03 12:03:42.900000+00:00,1,76.00925031510614,0.5508871786473566,74.7822783636482,77.13524325916859,2.352964895520387,75.98422327213875,0.804848349301281,76.01123994883334,-0.0025569733181564336,0.09775541219113255,0.1750203048397931,-0.01385447743912374,0.24407320017123704,-0.6143450672418505,0.7564800291759376,1.370825096417788,-0.012279925803697352,0.3022196187098629,0.24405962624626623,-0.011668581830318788,0.22858603908437633,-0.6027332157412288,0.7145713501213653,1.3173045658625941,-0.0022388900023430774,0.3099212991343121,0.22850286900168365,1.0113607476745814,0.20860888587379978,0.42549078162330667,1.624444402910714,1.1989536212874072,1.0144493891238446,0.27131258772332734,1.0325808299167245,1.0652456550641356,0.20832231663776224,0.5596164585682833,1.6625609304598306,1.102944471891547,1.06979402861216,0.2797214338735934,1.0853579283429866,-0.004548373548024345,0.20832231663776224,-0.5101775700438768,0.5927669018476704,1.102944471891547,0.0,0.2797214338735932,0.20802455308422615,-0.011818026022545282,2.4916495065741318,-7.950662995719972,8.740890597587335,16.691553593307304,-0.09344697176691563,3.140001157973683,2.487521364425134,6.492312055524179,0.06666666666666667,0.8847039032916157,929.4986835966492,3.0666666666666664,0.8376041825748104,1.3878928390231287,0.18666666666666668,0.02,0.00778150082640541,-0.04975140245337942,0.03344271197193934,0.0,0.0
participant-03,demo-session-segment-0,2026-01-03 12:02:30+00:00,2026-01-03 12:02:59.900000+00:00,10.0,2026-01-03 12:03:42.900000+00:00,1,78.0297329121661,2.490321219369543,75.3183315783267,83.29183839237908,7.973506814052371,77.04702558228705,4.5815055680932915,78.06932973829758,0.2546292776339572,0.12317749277597784,0.22031690701798542,-0.01243159004436115,0.26240391394866747,-0.7980511983296601,0.7564800291759376,1.5545312275055978,-0.009833892251431591,0.32952298082177556,0.26226101331769747,0.00016911957710499247,0.23414833046244451,-0.6027332157412288,0.5367992937806165,1.1395325095218454,0.012008749316188387,0.3356736338717573,0.23375781867334475,1.0048701579241863,0.20669719510213028,0.40373080222023194,1.6134432060147526,1.2097124037945206,0.9977746511991146,0.2786286583667039,1.025838852995338,1.0638171861680137,0.21026000059897162,0.4608171001259724,1.6487852812953967,1.1879681811694243,1.073109395669388,0.2961532425687382,1.084328782801663,-0.009292209501374547,0.21026000059897162,-0.6122922955434156,0.5756758856260087,1.1879681811694243,0.0,0.2961532425687383,0.21011484665088292,-0.008585513052607113,2.4433531492157936,-6.2314638339044865,5.840529433239602,12.071993267144087,-0.19586595998305756,3.3766061801493157,2.4392926039006686,6.61003938841965,2.466666666666667,0.8877578149801453,892.708317346154,3.1,0.8370384126427595,1.4006531446850599,0.13333333333333333,0.016666666666666666,0.0350844403292893,-0.01736979113187122,-0.041152793532152905,0.0,0.0008333333333333334
participant-03,demo-session-segment-0,2026-01-03 12:02:45+00:00,2026-01-03 12:03:14.900000+00:00,10.0,2026-01-03 12:03:42.900000+00:00,1,83.51864846729943,3.9536470820365337,76.7976723896134,89.46828926614381,12.670616876530417,83.08408185662682,6.810338732285118,83.61186436526899,0.45130402240993134,0.13378002391073615,0.25480828146194096,-0.012005841603328432,0.26226999691997527,-0.7980511983296601,0.6443217572319737,1.4423729555616338,-0.013346160843730852,0.3557061561246835,0.2621076235939353,0.006653736189198595,0.24399897945479299,-0.5903225829586329,0.6432835212584865,1.2336061042171194,-0.00017009043263065127,0.3523204048697962,0.24368283178551173,0.981412248858537,0.21088253200600657,0.33990229281507833,1.4932104065156726,1.1533081137005943,0.9720233113330683,0.2837093159784341,1.003739610842283,1.0449034802106032,0.20951844517100685,0.4608171001259724,1.63127028309508,1.1704531829691076,1.0287023158461952,0.2830967651110512,1.0656335839428503,0.016201164364408,0.20951844517100685,-0.5678852157202228,0.6025679672488848,1.1704531829691076,0.0,0.28309676511105114,0.20979544799021702,0.0008131552454822059,2.4212096019381057,-7.6938026747920905,5.840529433239602,13.534332108031691,-0.03069474760227009,3.3947228058681107,2.4171710209699704,6.5649586415092065,0.1,0.8922115280764557,877.2729513614299,3.3333333333333335,0.8538023229021964,1.391585929712029,0.15666666666666668,0.01,-0.03132516598367181,0.002735677714032825,-0.04363069826456808,0.0,0.0016666666666666668
participant-03,demo-session-segment-0,2026-01-03 12:03:00+00:00,2026-01-03 12:03:29.900000+00:00,10.0,2026-01-03 12:03:42.900000+00:00,1,88.79639594028299,2.3662564715646615,83.08408185662682,92.04996920750052,8.9658873508737,89.44279568349108,3.418412642527798,88.82781342447737,0.23814523694714004,0.13672970171167834,0.2593612984800378,-0.017004248290465533,0.2523241503244299,-0.7645178555362514,0.6020146331871981,1.3665324887234496,-0.012760845064291055,0.33730698418493643,0.2524765263823144,0.003993514725464829,0.23857306279621965,-0.5903225829586329,0.6432835212584865,1.2336061042171194,0.004838908850782432,0.3422159367125884,0.23820858667183176,0.9733196279789903,0.20832690416754565,0.33990229281507833,1.4932104065156726,1.1533081137005943,0.976030743556441,0.2950851982825762,0.9952921833373992,1.0342486447985257,0.20386892819363164,0.4709621494745479,1.63127028309508,1.160308133620532,1.0295547127693672,0.2813432113744735,1.0540845589186847,0.004693932029158733,0.20386892819363164,-0.5585925632948192,0.6017155703257129,1.160308133620532,-1.1102230246251565e-16,0.2813432113744735,0.20358298327980437,-0.0026495137852620217,2.343826372744978,-7.6938026747920905,6.421129271474135,14.114931946266225,0.1735544922563209,3.2249471978042368,2.3399182347423158,6.213793395179377,2.4,0.8832908257233114,821.378139007998,3.1333333333333333,0.8416020366903095,1.372154975815712,0.16666666666666666,0.01,-0.03187845064472611,-0.016219773373074814,-0.11707812912412785,0.0,0.0025
participant-03,demo-session-segment-0,2026-01-03 12:03:15+00:00,2026-01-03 12:03:44.900000+00:00,1.0,2026-01-03 12:07:59.900000+00:00,0,88.95607191663137,5.643172516881642,67.56523182679092,92.04996920750052,24.484737380709603,90.41153129789225,0.8680305792005356,89.13429180496132,-0.3036839232780689,0.18843794398773345,0.8413078352583984,-0.009684713750375867,0.24008396276913008,-0.7645178555362514,0.6020146331871981,1.3665324887234496,-0.012760845064291055,0.3255250024272459,0.2398790705656206,0.007095149411617102,0.22831120640768807,-0.7002787972978014,0.6616164128906832,1.3618952101884845,0.005953135101055071,0.31159006158649255,0.22804077433638045,1.004184165149239,0.20716632810215485,0.4605560084760663,1.6335152926642034,1.172959284188137,1.0025924816230498,0.27588257453928344,1.0252612669026395,1.0578984799559135,0.2041935801317607,0.4709621494745479,1.6394381328658711,1.1684759833913232,1.0431702071883924,0.28361146434128337,1.077360305870867,0.014728272767521077,0.2041935801317607,-0.5722080577138444,0.5962679256774788,1.1684759833913232,0.0,0.2836114643412835,0.2043843359747762,0.0021266082516473526,2.4401508195188524,-6.095128724886633,7.304239312977635,13.399368037864267,0.14558471112764093,2.96940508979001,2.4360814349526962,6.233916126857789,0.8666666666666667,0.8651121754640997,890.4018266457699,3.7333333333333334,0.8166187301310867,1.3783676658560777,0.19,0.016666666666666666,-0.02935726614230194,0.05931867302005582,-0.04574678835732648,0.0,0.0025
participant-03,demo-session-segment-0,2026-01-03 12:03:30+00:00,2026-01-03 12:03:59.900000+00:00,1.0,2026-01-03 12:07:59.900000+00:00,0,77.67239883937735,11.026739418957503,66.46594399984137,91.15657813883428,24.690634138992905,69.26347959597231,22.485052832825716,78.44861520173265,-1.0690350111803646,0.16770457906994285,0.8337485541214739,0.0009010174614101289,0.16222338063585054,-0.5295792824904646,0.5461447942050839,1.0757240766955485,-0.0008962823125623466,0.07683772665561024,0.16195528901512726,0.0008020425892959996,0.16432524639584023,-0.7002787972978014,0.6616164128906832,1.3618952101884845,-0.0021189500415386723,0.06774289249216729,0.16405310294746575,1.0189241912461382,0.1416266202342409,0.46968063864083504,1.6335152926642034,1.1638346540233684,1.003366568289624,0.07702672903837615,1.0286873901889277,1.044083745433129,0.14594799830784996,0.5606580658358585,1.6394381328658711,1.0787800670300127,1.0087634884753438,0.07841260953396234,1.0542014432547377,0.03532025695778527,0.14594799830784996,-0.4481054226394853,0.6306746443905273,1.0787800670300127,-1.1102230246251565e-16,0.07841260953396234,0.1499244344136914,-0.01176183500806934,1.7002816354575003,-5.789384023995114,7.304239312977635,13.09362333697275,0.01023289910106917,0.8699510172001118,1.6974862164891187,3.184501566434437,0.03333333333333333,0.8501198610542084,432.1994557538579,2.6,0.8392389138064369,1.2212948520008144,0.5833333333333334,0.01,-0.10000517227149626,0.10933128341703406,0.07556065049487706,0.0,0.0008333333333333334
participant-03,demo-session-segment-0,2026-01-03 12:03:45+00:00,2026-01-03 12:04:14.900000+00:00,1.0,2026-01-03 12:07:59.900000+00:00,0,69.95346577571371,2.174967567379366,66.46594399984137,73.66383415395563,7.197890154114262,69.69301423770457,4.05821355176964,69.98715660514699,0.24392464837551323,0.08495465788317604,0.17119262686596634,-0.0022591992853731205,0.03048194618024869,-0.09331038090495947,0.08570036423802635,0.17901074514298582,-0.0007873188456978594,0.036412447863385,0.03051484656474871,-0.0008765705211608567,0.027380874657544418,-0.07322922769690132,0.0744183553210864,0.14764758301798772,-0.0019438152202318959,0.038264429026412486,0.027349252858180347,1.0000296664725852,0.029543056894595923,0.9070298696362483,1.0795354960222907,0.1725056263860424,1.001592581914679,0.0373471950542964,1.0004645004839394,1.0008733236615588,0.029390876408628794,0.9083263490539286,1.079769262333775,0.1714429132798463,1.0021276058814252,0.036452958970488614,1.0013033277790249,-0.00125428221986647,0.029390876408628794,-0.09380125682749663,0.07764165645234966,0.1714429132798463,-1.1102230246251565e-16,0.03645295897048864,0.029368647021965587,-0.001650420425679792,0.35768696738510675,-1.0376470974432839,1.2050508592014486,2.2426979566447325,-0.005649450771490483,0.49274574354126105,0.35709413880555185,0.12914211118823593,2.2,0.8693715119619515,19.12818634306606,3.2666666666666666,0.8046063997391036,1.0452770899261479,0.9133333333333333,0.0,0.014908883295034269,-0.0389383743023102,-0.035438069809432295,0.0,0.0
participant-03,demo-session-segment-0,2026-01-03 12:04:00+00:00,2026-01-03 12:04:29.900000+00:00,1.0,2026-01-03 12:07:59.900000+00:00,0,72.08092379960542,1.1377451725635117,69.65126138439729,73.66383415395563,4.012572769558346,72.2956394279433,1.5089032075600102,72.08987255504032,0.03705773321317058,0.07651744834603899,0.16577973067535148,-0.0009938073817631196,0.030920532739602623,-0.10019006230181907,0.08570036423802635,0.18589042653984542,0.00037886614191558134,0.03856826319444115,0.030884948872601604,0.000883364327597912,0.028889011161065473,-0.08717957484816094,0.08617178371429776,0.1733513585624587,-0.0019941418030636846,0.037554091650622366,0.028854347711333855,0.9990746001280553,0.02886119337020851,0.9195403916410884,1.0830135029865033,0.16347311134541498,0.9992856939915936,0.03919943662573,0.9994899942181398,0.9999734221230481,0.02868098734686378,0.9226847748337987,1.083919055905022,0.16123428107122328,1.0002112451057017,0.039063724195627536,1.0003832775446053,-0.00023782298265358196,0.02868098734686378,-0.07752647027190296,0.08370781079932033,0.16123428107122328,0.0,0.03906372419562765,0.028634133445558787,-0.0005054819193771968,0.3627703916525056,-1.0376470974432839,1.2473000589602568,2.2849471564035406,0.01253757213370732,0.4754751808911206,0.36216562239968436,0.12297934444888568,2.5666666666666664,0.8763627998212702,19.67512610189747,3.2666666666666666,0.8154961552916616,1.0454978237856274,0.9233333333333333,0.0,0.01045971403092256,-0.03664229812243918,0.029470805154875938,0.0,0.0008333333333333334
participant-03,demo-session-segment-0,2026-01-03 12:04:15+00:00,2026-01-03 12:04:44.900000+00:00,1.0,2026-01-03 12:07:59.900000+00:00,0,70.17510871562624,2.3480569102294684,66.30187248924221,73.59834071050344,7.296468221261222,69.843043338168,4.337381305641273,70.21424981155506,-0.25888117444000897,0.09594149068702668,0.1965377868507154,0.0009983004353744218,0.028722345014137788,-0.10019006230181907,0.08342444717997827,0.18361450948179733,0.0019320881190426054,0.038013496201051926,0.028691807132467807,0.0009289063426077912,0.029535527422855923,-0.10255461933028201,0.08617178371429776,0.18872640304457977,-0.0023712373022427456,0.038891607317280585,0.029500888504231926,0.9983066550112644,0.02885242060192452,0.9195403916410884,1.0843877639999118,0.1648473723588234,0.9966725088449893,0.03910607343144501,0.9987221158763105,0.9991566274490618,0.028778140814976805,0.9226847748337987,1.0850900612693961,0.16240528643559737,0.9973513366021485,0.039472721509952624,0.9995696008580496,0.001805290846913286,0.028778140814976802,-0.07466656176834974,0.08773872466724764,0.16240528643559737,5.551115123125783e-17,0.03947272150995268,0.028786800085792107,-0.0002075586759724198,0.3642824261485211,-1.0310263460891989,1.2473000589602568,2.2783264050494556,0.005878720947412597,0.4329269235413086,0.3636748412083536,0.12381316263460718,3.2666666666666666,0.8567982328921063,19.83890495130201,3.2666666666666666,0.777900848816141,1.0439443369727526,0.9333333333333333,0.0,0.0559455739537932,0.015072714455105789,-0.006808894386239413,0.0,0.0016666666666666668
participant-03,demo-session-segment-0,2026-01-03 12:04:30+00:00,2026-01-03 12:04:59.900000+00:00,1.0,2026-01-03 12:07:59.900000+00:00,0,68.08983504043286,0.8964757936211217,66.30187248924221,69.72001187756005,3.41813938831784,68.10243753524138,1.4043830440417224,68.0957166478608,0.008762804664591785,0.09774361544245674,0.19168947739024314,0.0047378180743000665,0.027850169431916632,-0.06346462312203743,0.07647932527561722,0.13994394839765467,0.004947867446632324,0.03590167870917749,0.028204492863732538,-0.003102941579456374,0.029129854034016103,-0.10255461933028201,0.08469927299462275,0.18725389232490475,-0.0035712986881836946,0.037097548546252704,0.02924633563089787,0.9967821841898948,0.028307307349909702,0.8952883208288306,1.0843877639999118,0.18909944317108118,0.9986771202290123,0.03684849891572728,0.997182709113839,0.997610023107505,0.028303870410146592,0.8970827774022337,1.0850900612693961,0.18800728386716237,0.9998588517785956,0.03741780494274438,0.9980101186466751,-0.0022488286710904267,0.028303870410146592,-0.10277607437636183,0.08523120949080054,0.18800728386716237,-5.551115123125783e-17,0.0374178049427443,0.02834600407439543,0.0005638144018343512,0.33203533571328747,-1.0310263460891989,0.9907685804160826,2.0217949265052813,0.005878720947412597,0.4324231250817309,0.33148196105023237,0.11977008725285083,0.5333333333333333,0.8762496288201209,16.483184065708112,3.3,0.828735928305096,1.0418186704939374,0.9266666666666666,0.0,0.06754101291272864,0.008505823016998842,0.06267096475751917,0.0,0.0016666666666666668
participant-03,demo-session-segment-0,2026-01-03 12:04:45+00:00,2026-01-03 12:05:14.900000+00:00,1.0,2026-01-03 12:07:59.900000+00:00,0,69.97282048584756,2.182408495812321,66.41014698121226,73.80974671573141,7.399599734519143,69.64934145634463,3.7258941362535865,70.00673279928938,0.24479423153846405,0.09928035973830134,0.19910153260416455,0.0034765574410050132,0.02800167684258479,-0.08636409008700284,0.07629838381528126,0.1626624739022841,0.005037707658646066,0.036689414583681926,0.02817031613744927,-0.00306316089794369,0.028471968740401962,-0.1003731876671975,0.0724120419704721,0.1727852296376696,-0.0018048719711835682,0.03450552748286421,0.028589050036006262,0.9988873208825962,0.028948066169624573,0.8952883208288306,1.0962266969816623,0.20093837615283172,1.0000712609803648,0.03767762053620127,0.9993052972206184,0.9996943504924184,0.0289131407090399,0.8970827774022337,1.0963672678422003,0.19928449043996654,1.0007924932057704,0.03890334853547395,1.0001109826146466,-0.0010981427133518352,0.0289131407090399,-0.1037097158035366,0.09557477463642994,0.19928449043996654,0.0,0.03890334853547406,0.028885793348878135,6.88029218307995e-05,0.3168545276492381,-0.9082787979867146,0.9139429210055561,1.8222217189922707,0.020003823550640565,0.46488444738535223,0.3163260034416358,0.12497835584411865,3.0,0.8793971026659495,15.009706713529022,3.0,0.8345490813731316,1.0429071302398256,0.91,0.0,-0.02932678584103701,-0.05759255919038573,0.0726923967989263,0.0,0.0008333333333333334
participant-03,demo-session-segment-0,2026-01-03 12:05:00+00:00,2026-01-03 12:05:29.900000+00:00,1.0,2026-01-03 12:07:59.900000+00:00,0,71.6652761779274,1.3675343743210384,69.14076931528302,73.80974671573141,4.668977400448384,71.80272789852084,2.567629576092557,71.67827931869836,-0.007381412560848018,0.09424615706761656,0.18787068605801077,-0.0003197901256419398,0.02731861001820129,-0.08636409008700284,0.06857196796448714,0.15493605805148997,0.00011083848123881858,0.03719870482068302,0.027274915781231496,-0.0006615441586504515,0.02797486491752024,-0.1003731876671975,0.07509943001096736,0.17547261767816486,0.0006268542827828361,0.034887604961045704,0.027936035228181017,0.999672469160163,0.028525121420737334,0.9209643145688308,1.0962266969816623,0.17526238241283154,0.9996798978621186,0.03963802642569414,1.0000780048944538,1.00043560557591,0.028489710601264255,0.922232251129078,1.0963672678422003,0.17413501671312226,1.0006339747267776,0.0400590682479709,1.000839826829855,-0.00019836915086756667,0.02848971060126426,-0.07840172359769959,0.09573329311542267,0.17413501671312226,1.1102230246251565e-16,0.04005906824797095,0.02844287986643861,-0.0006566366245532707,0.34748543537575016,-1.3256926161030247,1.1593923968198305,2.4850850129228554,-0.008431337694860264,0.5008264691826134,0.34690643101169283,0.12134482903743998,0.06666666666666667,0.8736259591489559,18.051718173852137,3.6,0.8056038192247753,1.0432218361908492,0.9066666666666666,0.0,-0.15586512701380578,-0.06605148598208056,0.06508919492373573,0.0,0.0008333333333333334
participant-03,demo-session-segment-0,2026-01-03 12:05:15+00:00,2026-01-03 12:05:44.900000+00:00,1.0,2026-01-03 12:07:59.900000+00:00,0,69.84058386258052,2.0180291835857114,66.44036300286703,73.61451850217833,7.174155499311297,69.70868130424462,3.660525490955706,69.86963590320184,-0.2263416356406014,0.08229233444827759,0.15731521577098462,-0.0014812647771918616,0.02717164301551242,-0.08078367743783652,0.06802124583059689,0.14880492326843342,-0.0013674708872173885,0.03828162130706593,0.027166732147157233,-1.4091221886221305e-05,0.028061611548660454,-0.08621521284770248,0.07509943001096736,0.16131464285866984,0.0016985544061627685,0.03616680123808429,0.028014806700411513,1.0000994616017542,0.027484396858926476,0.9209643145688308,1.07891309673639,0.15794878216755925,0.9989399155758629,0.03654228762077516,1.000475790408368,1.0008611358988098,0.02746212783989236,0.922232251129078,1.0796226694338804,0.15739041830480238,0.9998950078598002,0.036800567978259036,1.0012365694096803,0.0009661280390096087,0.02746212783989236,-0.0776627567307222,0.07972766157408018,0.15739041830480238,0.0,0.036800567978259036,0.027433336909631855,5.680666209700869e-05,0.35022982572111383,-1.3256926161030247,1.1593923968198305,2.4850850129228554,-0.014869852016432539,0.4820469212771783,0.34964562671685623,0.11275057377555328,1.1333333333333333,0.898378600731236,18.338721909013355,3.5666666666666664,0.8348664489111032,1.0444002558912147,0.92,0.0,-0.11798816431015856,0.023716269224133283,0.027297253062056943,0.0,0.0008333333333333334
participant-03,demo-session-segment-0,2026-01-03 12:05:30+00:00,2026-01-03 12:05:59.900000+00:00,1.0,2026-01-03 12:07:59.900000+00:00,0,68.24097470178853,0.7549146601542931,66.44036300286703,69.86031065152112,3.4199476486540874,68.12608043436796,1.261669722686051,68.24513627168197,0.005912904336759759,0.07692851813688982,0.14433309415150916,-0.0031721399885211972,0.026601324160870302,-0.09876197021867891,0.09378728630937541,0.19254925652805432,-0.0026681357059388424,0.034284736056422016,0.026745731454971246,0.0005875846109117337,0.027042964253808182,-0.0791724240747729,0.06992972646838462,0.1491021505431575,0.0015413089828007654,0.035752352377019195,0.02700424839888997,1.001703344616171,0.026782738129512613,0.9267157118359801,1.07891309673639,0.1521973849004099,1.0006732179301099,0.03274324569774967,1.002060135234773,1.0024229679213787,0.026826675059084277,0.9281036196544267,1.0796226694338804,0.15151904977945374,1.0017106159393392,0.0329767569473276,1.0027806730334317,0.0007123519820396029,0.026826675059084277,-0.07360699628491252,0.07791205349454122,0.15151904977945374,-1.1102230246251565e-16,0.032976756947327546,0.02679139859027379,-0.0001645078691789174,0.32758794651032663,-0.8584526891718947,0.9046735908810899,1.7631262800529846,0.023062276511998103,0.44532456208632276,0.32704155223156095,0.10759130065160939,3.1333333333333333,0.8794298685521984,16.04359080842988,3.1333333333333333,0.8178687700539737,1.0442876556913272,0.94,0.0,-0.044019420117518915,0.032002386072679384,-0.10930076471421213,0.0,0.0
participant-03,demo-session-segment-0,2026-01-03 12:05:45+00:00,2026-01-03 12:06:14.900000+00:00,1.0,2026-01-03 12:07:59.900000+00:00,0,70.14363967318769,1.9813926742698984,67.25199642753581,73.4319941783424,6.179997750806592,69.61819751294453,3.830683929313423,70.17152568629156,0.22117549329325945,0.09565180239048965,0.2003525148617436,-0.0026317818230045787,0.02746874520731373,-0.09876197021867891,0.0990910099685348,0.1978529801872137,-0.0034406573324383977,0.03362060131063918,0.027548922524919264,-0.001427232169230398,0.02865925664221585,-0.08140382518317835,0.07225350212720207,0.1536573273103804,-0.0008281668159459727,0.03883836188405578,0.028647026715612187,1.0013541452892432,0.02716727457859062,0.9098283236979134,1.0757562005817876,0.16592787688387411,1.00060467887669,0.035211771138096926,1.001721380870592,1.002140677675374,0.027237018267495493,0.9108559886335329,1.0764406771634503,0.16558468852991737,1.0012558504106779,0.0347073528814934,1.0025095112592273,0.0008848272646962163,0.027237018267495493,-0.09039986177714499,0.07518482675277238,0.16558468852991737,-1.1102230246251565e-16,0.03470735288149343,0.02720597788805284,-0.0008275366251346823,0.3372988832689242,-0.8856019429280892,1.0414641854684692,1.9270661283965584,0.015084608714059922,0.43386941212211566,0.3367372660534438,0.11090735284882984,3.1666666666666665,0.8830859131633134,17.008831194177468,3.1666666666666665,0.8157400306909254,1.0456389229688512,0.9433333333333334,0.0,0.06043634774851749,-0.034567397045446764,-0.03178122585945363,0.0,0.0
participant-03,demo-session-segment-0,2026-01-03 12:06:00+00:00,2026-01-03 12:06:29.900000+00:00,1.0,2026-01-03 12:07:59.900000+00:00,0,72.05592225946702,1.0743468166374346,69.24092190534073,74.06171761828422,4.820795712943493,72.0394984514457,1.8856217775449977,72.06390432346258,0.006785897815743848,0.10738018560241264,0.22113529315035926,-0.0026400129168373558,0.02898495857660555,-0.08305866187399172,0.0990910099685348,0.1821496718425265,-0.003076607010787511,0.03886737442718144,0.029056790356294503,-0.0009376140527380792,0.031647414628128506,-0.08308505450494905,0.08574477635844174,0.1688298308633908,-0.0007875591929484582,0.04325841958684529,0.03160853434197414,1.0003881957724488,0.029639666213863578,0.8979910320550968,1.0767292775121147,0.17873824545701789,1.0007616572129834,0.04137510091434371,1.0008257209365075,1.0013103309487477,0.029598336736580105,0.8984643979160076,1.0783183587399003,0.1798539608238927,1.0013947857112413,0.040544258502851926,1.001746235429481,-8.445476249365128e-05,0.029598336736580105,-0.10293038779523367,0.07692357302865904,0.1798539608238927,0.0,0.040544258502851954,0.029549085688962615,-0.001098926995729735,0.35942327980821714,-0.9363752432150974,1.0414641854684692,1.9778394286835665,-0.002117017565938517,0.4746696441557627,0.35882542374866766,0.13097175581466922,1.4,0.8560608501180138,19.313173675341147,3.6333333333333333,0.8010656029864507,1.049024376019907,0.9133333333333333,0.0,0.033451303824039526,-0.03896901254109263,0.025124868214467782,0.0,0.0
participant-03,demo-session-segment-0,2026-01-03 12:06:15+00:00,2026-01-03 12:06:44.900000+00:00,1.0,2026-01-03 12:07:59.900000+00:00,0,70.21881018467455,2.301294908639304,66.55746172109941,74.06171761828422,7.504255897184805,70.43465303079441,3.5316719757525448,70.25638482596221,-0.2608861729958427,0.08844962955973282,0.1698655926785874,-0.0013358482374036093,0.02947122456207399,-0.06450541282640547,0.10310634956848928,0.16761176239489475,-0.0018237401460007461,0.038043915404994647,0.029452374959884082,0.0002742127362525908,0.030875433545392326,-0.08308505450494905,0.08574477635844174,0.1688298308633908,-0.0004658294563686352,0.04462486185730291,0.030825151222964142,1.0002230792430324,0.02935018818122952,0.8979910320550968,1.083853905538045,0.18586287348294817,1.0015191987388046,0.041298529161725384,1.0006521725112743,1.0011345808856729,0.02923701401292405,0.8984643979160076,1.0846166230806653,0.18615222516465768,1.0025286960859923,0.041008116933798355,1.0015599845691867,-0.0013941152003193154,0.029237014012924053,-0.10406429816998464,0.08208792699467304,0.18615222516465768,1.1102230246251565e-16,0.04100811693379838,0.029221519506846986,-0.0013840762688413536,0.3576599102509137,-1.2277217710495902,0.9722655044713491,2.1999872755209395,0.008338094593769996,0.4422580949835192,0.3570659953423279,0.12779305001789382,1.4333333333333333,0.8829624194040635,19.124381381012547,3.5,0.8328549595130277,1.0486806399527921,0.9233333333333333,0.0,-0.06159903953686533,0.030004780911931678,-0.00274001638917835,0.0,0.0016666666666666668
participant-03,demo-session-segment-0,2026-01-03 12:06:30+00:00,2026-01-03 12:06:59.900000+00:00,1.0,2026-01-03 12:07:59.900000+00:00,0,68.16510272676727,1.3180362534413197,66.15562297047792,70.53949567177492,4.383872701296994,68.09318382304257,2.7787018527770897,68.1778018022306,-0.008114322801765108,0.07498207805284125,0.14081590014939369,0.001195157733467597,0.029517370373208323,-0.07570073656154948,0.10310634956848928,0.17880708613003876,-0.0007762720976425034,0.03667303464926346,0.029492360116554366,-0.001808669311030295,0.027947676382070734,-0.06798711585202055,0.07613460220115947,0.14412171805318003,-0.0022633379297104165,0.03870592775634167,0.027959619533351316,0.9998540032019982,0.027088394150787988,0.9147573475410995,1.083853905538045,0.16909655799694545,1.0010949621733656,0.03750855341509174,1.0002196573152007,1.0006812317306173,0.0270260924002629,0.9181001184121963,1.0846166230806653,0.166516504668469,1.002142560173108,0.03728189646453661,1.00104490534113,-0.001461328442490446,0.0270260924002629,-0.08404244176091169,0.08247406290755732,0.166516504668469,0.0,0.03728189646453672,0.02702055610721131,-0.0002080428313296719,0.33613331237252275,-1.2277217710495902,0.9487377729615276,2.176459544011118,0.007345575363834067,0.4198622229677168,0.33557268704319265,0.1091974123054644,3.7333333333333334,0.8888342642453411,16.89193095569347,3.7333333333333334,0.8243660957347096,1.045578908328881,0.9366666666666666,0.0,-0.030805115216740567,0.10942794943399169,0.018436526954759228,0.0,0.005
participant-03,demo-session-segment-0,2026-01-03 12:06:45+00:00,2026-01-03 12:07:14.900000+00:00,1.0,2026-01-03 12:07:59.900000+00:00,0,70.02339698063003,2.340950643072581,66.15562297047792,73.76288140932941,7.607258438851488,70.11990596524326,3.464856319307202,70.06238582711242,0.2622584787564728,0.0887130844843464,0.1685862118120711,0.0005687569095912248,0.029781894265555994,-0.09235767009113177,0.07071714227875894,0.16307481236989071,-0.0011599272348422726,0.038136329470330965,0.02973765580954248,0.0015038369129762197,0.028641420886243888,-0.068389705051807,0.09354811320940831,0.1619378182612153,0.002240363588589452,0.0336280979155789,0.028633163974824502,1.0008102186127785,0.030136450040011295,0.9147573475410995,1.1025076487072782,0.18775030116617875,1.0006105366986988,0.037537104700622104,1.0012623392241924,1.0016622874345744,0.030102169373053884,0.9181001184121963,1.1049830647650343,0.18688294635283798,1.0018277382430947,0.03763591509046704,1.0021129967229034,-0.00016545080852046497,0.030102169373053888,-0.08372761983089838,0.1031553265219396,0.18688294635283798,-1.1102230246251565e-16,0.0376359150904671,0.030052412652966546,0.0002516878346368741,0.35946960049623816,-1.4035618046001863,1.2338537513693137,2.6374155559695,-0.006368260749429755,0.4342412667266826,0.3588700726568806,0.13547157920086414,0.26666666666666666,0.891116596496301,19.319350476500322,3.6666666666666665,0.8320863396912512,1.04678029536321,0.8966666666666666,0.0,-0.06277240580003368,0.013983222688913824,-0.03537444334699507,0.0,0.0033333333333333335
participant-03,demo-session-segment-0,2026-01-03 12:07:00+00:00,2026-01-03 12:07:29.900000+00:00,1.0,2026-01-03 12:07:59.900000+00:00,0,71.8862410118279,1.0774344052967566,69.8953254489726,73.76288140932941,3.8675559603568104,71.69916435786304,2.033253865758269,71.8942879661428,-0.00632079970040441,0.10327617392575317,0.18762403170058362,0.0014824793598255343,0.028220155134411597,-0.09235767009113177,0.1336651741533094,0.22602284424444116,0.00044296821985091234,0.03606823368272198,0.028212059661485166,0.005756437367891169,0.028621687565488246,-0.07079241527289831,0.09354811320940831,0.16434052848230662,0.004813251991854211,0.033905334894839996,0.029148017089844897,1.0018980534396251,0.029961493743391236,0.9234675666368335,1.1025076487072782,0.17904008207044475,1.0006105366986988,0.03614014694362899,1.0023444559081245,1.0027189945630546,0.02995905973756386,0.9241105150400578,1.1049830647650343,0.18087254972497646,1.0019978786970514,0.0363505322994464,1.003164959266604,0.0007211158660031137,0.02995905973756386,-0.07788736365699356,0.1029851860679829,0.18087254972497646,-1.1102230246251565e-16,0.03635053229944646,0.029917778174800878,0.0014206351311881393,0.36715029756867085,-1.4035618046001863,1.2338537513693137,2.6374155559695,-0.007350787986205587,0.4265401504096028,0.3665406226767464,0.13418522272879335,0.3,0.8863501200190841,20.15265296995216,3.1333333333333333,0.8166570691784893,1.0464077092801158,0.9033333333333333,0.0,-0.08510476255837879,-0.021885432130381122,-0.04837197490166906,0.0,0.0008333333333333334
participant-03,demo-session-segment-0,2026-01-03 12:07:15+00:00,2026-01-03 12:07:44.900000+00:00,1.0,2026-01-03 12:07:59.900000+00:00,0,70.00157583871294,2.0460294539369723,66.66948303214232,73.65560653263964,6.986123500497314,70.25136981501073,3.5782050045349223,70.03137084412745,-0.2318248929066434,0.11957360752918791,0.21402367112302925,0.00397478546344273,0.027401146142054907,-0.07878535268588287,0.1336651741533094,0.21245052683919224,0.0021236989903829794,0.0362984220634791,0.02764270223185471,0.002129780717488296,0.027961857055208324,-0.07440251660862712,0.07919813025751574,0.15360064686614286,0.002913984852314055,0.03380176710716322,0.027996342577449335,1.0012265324086251,0.026735033441945395,0.9188521047415271,1.0752187844978665,0.15636667975633933,1.001689973888595,0.034680372875507626,1.0015822226218365,1.002000028416895,0.02670548981614424,0.9206351344797015,1.0757871164190087,0.15515198193930724,1.0027099532483619,0.03416618040243791,1.0023546592182284,-0.0007099248314668179,0.02670548981614424,-0.0820748187686604,0.07307716317064683,0.15515198193930724,0.0,0.03416618040243785,0.026670393740977707,-0.0012647557652083585,0.3255941540417817,-0.8792879306816959,1.1035206526564412,1.982808583338137,-0.014222376379487978,0.4069919571440195,0.3250535046873183,0.1066209059034127,3.433333333333333,0.8657671954067556,15.849061586082954,3.433333333333333,0.8036429811514598,1.04465973857967,0.94,0.0,-0.04191087507220177,0.040062021642414944,0.028585549039746402,0.0,0.0025
participant-03,demo-session-segment-0,2026-01-03 12:07:30+00:00,2026-01-03 12:07:59.900000+00:00,1.0,2026-01-03 12:07:59.900000+00:00,0,68.23132391482584,0.9615723343459749,64.90153791281563,70.85356464743663,5.9520267346210005,68.12771254892529,1.595482795171037,68.2380766321332,-0.010598478343624897,0.12876994585265228,0.23480241844711747,0.0013421317969403476,0.028489661486590212,-0.08164505327985788,0.09711003375877145,0.17875508703862933,-0.002006530507052717,0.03947733748108204,0.02847378782919696,-0.0034367457984546632,0.02869572187754501,-0.08912382191049353,0.06817269068892094,0.15729651259941446,-0.003135312322590943,0.03643603572624844,0.028853264302496167,1.0034522055905137,0.02787336994755085,0.9106239453718034,1.1043009823700585,0.19367703699825511,1.0027231448015401,0.03609986750912264,1.003837966958575,1.004272332530844,0.027813523962611223,0.9133242894752152,1.1052959507005917,0.19197166122537657,1.0034682459203226,0.03537325321663687,1.0046561259265665,0.0008040866105216312,0.027813523962611223,-0.09014395644510742,0.10182770478026915,0.19197166122537657,0.0,0.03537325321663676,0.02777876941320307,0.0003857171701877871,0.3384360895700277,-0.9533460902045365,0.8523265803064928,1.8056726705110293,0.0009895757216515921,0.46217438307972175,0.3378717787545679,0.11565202649173625,2.6,0.8735350459327338,17.123616651572895,2.6,0.8266299985071066,1.0489770458715273,0.9333333333333333,0.0,-0.06910408230865019,-0.07191100254620252,0.01404036075762637,0.0,0.0016666666666666668
participant-04,demo-session-segment-0,2026-01-04 12:00:00+00:00,2026-01-04 12:00:29.900000+00:00,0.0,2026-01-04 12:04:25+00:00,0,71.83750887927218,1.310706792757352,65.95656398520774,73.67139575374325,7.714831768535518,72.03299704297476,1.7363276527595843,71.84942524313215,0.022017536400418536,0.12109178914090392,0.23259313096584228,0.00018604442153533036,0.0245088180367452,-0.05976624520030854,0.0691705830181508,0.12893682821845934,0.0016180082637588626,0.0356109015689349,0.024468643203357437,-0.001268090149562616,0.03139788641225775,-0.09376590674505676,0.09279471650951021,0.18656062325456696,-0.002031580719702399,0.04004850221512425,0.03137115287777292,0.9989931365700649,0.03013752766284523,0.9089931897921101,1.0788992741009824,0.16990608430887233,1.0002864376047187,0.04096886794791432,0.9994461115633729,0.9997906231815996,0.029951523549422474,0.9100261690233196,1.0799899025858641,0.16996373356254457,1.0007247397647139,0.04066000300627781,1.0002376685829424,-0.0009341165831141955,0.029951523549422474,-0.09069857074139431,0.07926516282115026,0.16996373356254457,0.0,0.04066000300627773,0.02991614988897055,-0.0012728679626630365,0.3503910054691732,-1.0288902993903104,1.0179215306939893,2.0468118300843,-0.00445862760057425,0.4126652967606115,0.3498088488267598,0.1341157844486857,2.8666666666666667,0.8590156813225893,18.355363511805557,2.8666666666666667,0.8071994051935093,1.0442522576205395,0.9133333333333333,0.0,-0.08405604166096342,0.030483521954259286,-0.012359889102036722,0.0,0.0016666666666666668
participant-04,demo-session-segment-0,2026-01-04 12:00:15+00:00,2026-01-04 12:00:44.900000+00:00,0.0,2026-01-04 12:04:25+00:00,0,69.842142949754,2.435855075148883,66.32154509933714,73.67139575374325,7.3498506544061115,69.19238586046674,5.278225959992525,69.88446568297215,-0.2737156327479708,0.08970088893560489,0.17608789240541076,-0.0021219788097335468,0.027048322169316484,-0.07577483610235784,0.07622314343753754,0.15199797953989538,-0.0024930528845531607,0.03704370153615233,0.027086450865149884,-0.00032461975591886126,0.030506686144588062,-0.09089401808956421,0.0904494000752745,0.1813434181648387,-0.0014523440854252584,0.04217220006220046,0.030457529192498844,0.9987171541177268,0.03131717321007061,0.9072543844551356,1.092445345639764,0.1851909611846284,1.000263822538975,0.042793358639218404,0.9992064101321045,0.9995515223710106,0.031221633223374227,0.9076855723507624,1.0929748399774706,0.18528926762670817,1.001000113146095,0.04259035413705259,1.000037392777925,-0.0014485907750842594,0.031221633223374227,-0.09331454079533263,0.09197472683137553,0.18528926762670817,0.0,0.042590354137052505,0.031203196873046752,0.00024633594576567664,0.3828375778855933,-1.0288902993903104,1.0179215306939893,2.0468118300843,-0.018066120213899306,0.5003793764065532,0.38219906203343157,0.14573120947858934,2.533333333333333,0.8817856240013723,21.91146375363661,2.533333333333333,0.8301572311837672,1.0447787712813636,0.8933333333333333,0.0,-0.0007370037968149611,-0.08442338433806156,-0.03704184401649264,0.0,0.0016666666666666668
participant-04,demo-session-segment-0,2026-01-04 12:00:30+00:00,2026-01-04 12:00:59.900000+00:00,0.0,2026-01-04 12:04:25+00:00,0,67.82550958832302,0.9822439885695134,66.32154509933714,69.76517232612504,3.4436272267878962,67.40672338910743,1.8095047695882016,67.83259790217336,0.007475527856720068,0.09379576594393027,0.17364486333110787,-9.043679954789663e-05,0.02957105545392087,-0.07577483610235784,0.09350611157618194,0.1692809476785398,-0.0012819293205903817,0.03745067365954222,0.029521867743613033,0.0022783319637600095,0.030172450160392772,-0.07903475979825125,0.11480997128327808,0.19384473108152933,0.00272167035925748,0.03816950675660236,0.03020816042158484,1.0014479380570682,0.03129464015614708,0.9072543844551356,1.092445345639764,0.1851909611846284,1.0012614249626874,0.040742278756534134,1.001935158893153,1.002337197946133,0.03132969363421738,0.9076855723507624,1.0929748399774706,0.18528926762670817,1.0028262254582456,0.04030389043639249,1.0028250775969734,-0.0004890275121125457,0.03132969363421738,-0.09514065310748321,0.09014861451922496,0.18528926762670817,0.0,0.0403038904363924,0.03128125666877016,-0.001150454729235589,0.3730663319341471,-1.0749139114415052,0.9189616840910819,1.993875595532587,-0.025650048725547325,0.5269233243769436,0.3724458125358291,0.14674172015369513,1.4,0.87524538220556,20.807286253336212,2.966666666666667,0.821074515618568,1.0481919734653768,0.8833333333333333,0.0,-0.008473304872585064,0.022658872781119367,0.07249632045465852,0.0,0.0016666666666666668
participant-04,demo-session-segment-0,2026-01-04 12:00:45+00:00,2026-01-04 12:01:14.900000+00:00,0.0,2026-01-04 12:04:25+00:00,0,69.92517448405471,2.1636193096445817,66.84570191143801,73.30224582748006,6.456543916042051,69.61061356508503,4.412944988817074,69.95852822194617,0.23632895179401572,0.1099537785091041,0.2091666258723088,0.0027968188580911736,0.02808695400396301,-0.06824035943389789,0.09350611157618194,0.16174647101007983,0.0013810243587419066,0.03592309274198047,0.02817924042615366,0.001127473099814384,0.030123381378900575,-0.08589321238838013,0.11480997128327808,0.2007031836716582,0.004066239130807465,0.03656512059406668,0.030094261484052125,1.0009456345605297,0.03002303056056337,0.9160327963033438,1.0808281101095747,0.16479531380623091,0.9991790571430821,0.03994145787026526,1.001394298516794,1.0017913596146888,0.030122610124222758,0.9175439224468072,1.0825290816963273,0.16498515924952017,1.0006249416066608,0.039710273662964646,1.0022426229547452,0.0011664180080281931,0.030122610124222758,-0.08308101915985366,0.08190414008966651,0.16498515924952017,-1.1102230246251565e-16,0.03971027366296476,0.03009497631714846,7.038202965025997e-05,0.35215557108902296,-1.0749139114415052,0.8935849900976811,1.9684989015391863,-0.027716742910975922,0.48408628343250687,0.3515681622604203,0.13565212993021541,2.3666666666666667,0.8769956436389665,18.54006286521391,3.3,0.8338871862104347,1.0464391353763662,0.8966666666666666,0.0,0.025737634480569302,0.05246995229427184,0.0531133552641718,0.0,0.0
participant-04,demo-session-segment-0,2026-01-04 12:01:00+00:00,2026-01-04 12:01:29.900000+00:00,0.0,2026-01-04 12:04:25+00:00,0,71.92839616888006,1.115330383516198,68.65895647675245,73.52382482280225,4.8648683460498034,72.04698285743022,1.7558382239667338,71.93701405224022,-0.005887589505455124,0.11132983150392937,0.20977711935567298,0.0016709828625238387,0.02613421773914395,-0.06494752303868391,0.08748943909279341,0.15243696213147734,0.0027193414861366822,0.034146306105865665,0.02614407892380946,-0.00083316010400077,0.02885908264222164,-0.08969931956972899,0.079982473533233,0.169681793102962,0.0024338196463109113,0.03783014320372678,0.028822988242135972,1.0012432002368035,0.029572964775673224,0.9201920167256451,1.1093729499015368,0.18918093317589169,1.0009196777038525,0.0397811160946675,1.0016783870410904,1.0019995068603471,0.029559590583999748,0.9224238713283306,1.1093838667968487,0.18695999546851816,1.001895554686194,0.040295768174967384,1.0024339721793256,0.00010395217415317681,0.029559590583999748,-0.07947168335786348,0.10748831211065468,0.18695999546851816,0.0,0.040295768174967384,0.029510466565212962,4.166203237000824e-06,0.3531444650267113,-1.0090099209027203,1.0652226587593605,2.074232579662081,-0.02493465836732711,0.4697430347939857,0.3525553996453551,0.13062853775298353,2.1333333333333333,0.8568418272784459,18.644301957377877,2.5,0.8027062183209396,1.044699932412272,0.9,0.0,0.042405386511323744,-0.01586002910532617,-0.16735870569925018,0.0,0.0
participant-04,demo-session-segment-0,2026-01-04 12:01:15+00:00,2026-01-04 12:01:44.900000+00:00,0.0,2026-01-04 12:04:25+00:00,0,70.08274150137359,2.2187012144874907,66.66136369427046,73.52382482280225,6.862461128531791,70.1400729639331,4.732350487286112,70.11773586364525,-0.24877265529908116,0.10665627683415022,0.1913883383191824,0.0022454903106077896,0.0268467930912005,-0.07112115856744369,0.08748943909279341,0.1586105976602371,0.004150549175392019,0.035090576248821,0.026895910934920175,0.0015516158151160915,0.030008736602817096,-0.08969931956972899,0.08155137880912909,0.1712506983788581,0.003811853173302235,0.039205543137702775,0.029998833920003992,1.001241984801349,0.02790098529552324,0.906663303632014,1.1093729499015368,0.20270964626952281,0.9994867213147673,0.03598837255680032,1.001629363700035,1.0020549934137757,0.02780412487565882,0.9094320608315781,1.1093838667968487,0.19995180596527062,1.0001149529295301,0.03570686211063401,1.002439375866549,0.0019400404842456417,0.02780412487565882,-0.090682892097952,0.10926891386731863,0.19995180596527062,5.551115123125783e-17,0.03570686211063387,0.02782545991200752,-0.0005689963078096571,0.3323459905068846,-1.2897827212664459,1.0652226587593605,2.3550053800258066,-0.010356968789183574,0.4370066835573133,0.33179210605153625,0.11557395056103076,2.466666666666667,0.8661279582292977,16.513012180299828,2.966666666666667,0.8082285967123839,1.0468260091081363,0.93,0.0,0.04408451001824153,-0.09399955354184696,-0.10985708988131494,0.0,0.0008333333333333334
participant-04,demo-session-segment-0,2026-01-04 12:01:30+00:00,2026-01-04 12:01:59.900000+00:00,0.0,2026-01-04 12:04:25+00:00,0,68.09099758855014,1.0111082063585055,66.59250536701121,70.1400729639331,3.54756759692188,67.87123678926301,1.809956190219964,68.09847931201958,-0.017459076210352774,0.10243958735114453,0.18654221376006733,0.0018770607144287463,0.030171057395185205,-0.0888070976935321,0.09406097554476395,0.18286807323829604,0.0034087582587480634,0.037877545285104536,0.030179160893814345,0.001916403055421111,0.028269057269751142,-0.1163327293525861,0.08155137880912909,0.1978841081617152,0.003287578211923831,0.036448241357883396,0.02828689450838018,0.9988066163597545,0.026418517964308687,0.906663303632014,1.073070070461445,0.16640676682943112,0.9985696552789114,0.035126117343849295,0.9991547770566617,0.999663769231898,0.02637928560635409,0.9094320608315781,1.073625576064458,0.16419351523287984,0.9989861464337695,0.035492663843960326,1.0000105992779926,0.0006776227981286249,0.02637928560635409,-0.08955408560219136,0.07463942963068848,0.16419351523287984,-5.551115123125783e-17,0.03549266384396038,0.02634399981136385,0.0006960398068306942,0.3367170134101926,-1.2897827212664459,1.177878289405686,2.467661010672132,-0.007233823903179948,0.43240032039961934,0.33615607054991525,0.10403210094307314,1.4666666666666666,0.8732840828780554,16.950089748737973,3.0666666666666664,0.8115817046359167,1.0447833701836264,0.95,0.0,0.07471435032614786,-0.11432829679569534,0.000295261915065184,0.0,0.0008333333333333334
participant-04,demo-session-segment-0,2026-01-04 12:01:45+00:00,2026-01-04 12:02:14.900000+00:00,0.0,2026-01-04 12:04:25+00:00,0,69.85260563838528,2.087632819310731,66.59250536701121,73.32034309115585,6.727837724144635,69.93715654324382,4.020879338501402,69.88369049993527,0.22790680479313882,0.12893209617084847,0.23168941791398415,-0.0014021015431572477,0.030823720273972798,-0.0888070976935321,0.09406097554476395,0.18286807323829604,-0.001252569816905109,0.03908202511167933,0.0308042304642347,-0.0013831026837507433,0.02519192344029196,-0.1163327293525861,0.07143696869359947,0.18776969804618557,-0.00116205515814365,0.03143365391476673,0.02518790456349882,1.0005886769776766,0.02933237286461151,0.8744141122407985,1.073371754358873,0.19895764211807454,1.0008016833519187,0.03817142313008515,1.0010170930775755,1.0013788328913855,0.02935741269754795,0.8745069585793646,1.073625576064458,0.1991186174850934,1.00185374804459,0.037971399375709924,1.0018076421071427,-0.00047491515320453816,0.02935741269754795,-0.12734678946522537,0.07177182801986803,0.1991186174850934,-1.1102230246251565e-16,0.03797139937571001,0.02931229035340942,-0.0003236422365263595,0.3771830700286522,-1.2750075043220044,1.4272451128310026,2.702252617153007,-0.02148279748223958,0.4532852829223463,0.3765540459210103,0.1288477312095758,1.4666666666666666,0.8581255696718473,21.268931440907263,3.3,0.7842757230976888,1.0440532033421814,0.92,0.0,0.04112283662132894,-0.052095983638825206,-0.02713262991641912,0.0,0.0
participant-04,demo-session-segment-0,2026-01-04 12:02:00+00:00,2026-01-04 12:02:29.900000+00:00,0.0,2026-01-04 12:04:25+00:00,0,71.84152700746003,0.9895277959819359,69.59858786799101,73.79276393640765,4.194176068416638,72.07027631743361,1.7187440331700827,71.84831872868308,0.004561432653862612,0.14643417143655352,0.2469086668698755,-0.002617805338786941,0.03142185768188299,-0.09402790130515136,0.10123262456604379,0.19526052587119513,-0.0028550046031520604,0.04118785115092902,0.03147848367544127,-0.0018229020361137452,0.02678140861060975,-0.07187749982193281,0.09479347772149199,0.1666709775434248,-0.0019207854210669954,0.03343485583431168,0.026798806058811925,1.0005514958011827,0.029814366423437596,0.8744141122407985,1.073371754358873,0.19895764211807454,0.9995505917062224,0.03863884760325731,1.0009941204657817,1.0014071648105656,0.029747944710965472,0.8745069585793646,1.0735475004815855,0.19904054190222098,1.0007804761064718,0.03874629525469131,1.001847443550038,0.0006266887040937493,0.02974794471096547,-0.12627351752710725,0.07276702437511373,0.19904054190222098,-1.1102230246251565e-16,0.038746295254691365,0.02970493481802995,-0.0003406884757396826,0.3567338737293085,-1.2750075043220044,1.4272451128310026,2.702252617153007,-0.006102406584151399,0.4347286207351908,0.35613898393605076,0.13230039783900008,0.43333333333333335,0.8696777643043132,19.026206825885552,3.0,0.8149829176134223,1.0464365789844148,0.9033333333333333,0.0,-0.028844501660998115,0.01988589080042436,0.08013370509693775,0.0,0.0008333333333333334
participant-04,demo-session-segment-0,2026-01-04 12:02:15+00:00,2026-01-04 12:02:44.900000+00:00,0.0,2026-01-04 12:04:25+00:00,0,70.0887459413961,2.1043617752452355,66.74328107913756,73.79276393640765,7.0494828572700925,69.78406346652415,4.243649455612541,70.12022450755853,-0.2377752715777442,0.1127493532347773,0.19722864612239985,-0.003724563300422931,0.031143778232151528,-0.09402790130515136,0.10123262456604379,0.19526052587119513,-0.005079029906385486,0.04026051124687747,0.03131412106292806,-0.0048807531290592865,0.02955552519890795,-0.08838118986789922,0.09479347772149199,0.18317466758939122,-0.0034673116494356366,0.035374754877505854,0.029907174010998773,0.9994800877168291,0.030745798011386796,0.8926865763581955,1.1099347921767106,0.21724821581851517,0.9998927816441429,0.03988340318685257,0.9999512982261418,1.00042478842279,0.030511603724429306,0.8929996665053564,1.110306747735849,0.21730708123049258,1.0012726106942549,0.039644105023610265,1.000888411392306,-0.0008478222714650496,0.030511603724429306,-0.10827294418889843,0.10903413704159415,0.21730708123049258,-1.1102230246251565e-16,0.03964410502361029,0.030472505168339516,-0.00015954476557899683,0.34824988990575667,-0.9820987337092746,0.9937509286057566,1.9758496623150312,0.0004307552665416825,0.47889866029892897,0.3476690255417826,0.13917822247278808,1.7,0.8816009960936163,18.13105894735156,3.6,0.8384608000859274,1.0472907137101422,0.8933333333333333,0.0,-0.12475371744002699,0.012110434040123406,0.15503746321225845,0.0,0.0008333333333333334
participant-04,demo-session-segment-0,2026-01-04 12:02:30+00:00,2026-01-04 12:02:59.900000+00:00,0.0,2026-01-04 12:04:25+00:00,0,68.04756319835819,1.110454087419124,66.32536301564947,70.94775298404552,4.62238996839605,67.82698183226125,1.7713243829716134,68.05659303222492,-0.009090895843947257,0.0920903401388204,0.18372860925708304,-0.003051611690925117,0.027996945684452375,-0.08683621003421682,0.08334657254815923,0.17018278258237607,-0.0025155954259299235,0.034417599517722094,0.02811633934823024,-0.003583022470103033,0.027833574384171667,-0.08838118986789922,0.08098685992008829,0.16936804978798753,-0.0033525170592761085,0.035334186501759776,0.02801720102860294,0.9989688634542305,0.032324934237185396,0.8926865763581955,1.1099347921767106,0.21724821581851517,1.0000468382420515,0.04225248505328094,0.9994899741967885,0.9997598300225923,0.03224046697270936,0.8929996665053564,1.110306747735849,0.21730708123049258,1.0007031920674625,0.042253228652899044,1.0002778117161848,-0.0009433620448701555,0.03224046697270937,-0.10770352556210605,0.10960355566838653,0.21730708123049258,1.1102230246251565e-16,0.04225322865289907,0.032200509574601514,-0.0005230401762250995,0.4079352930246896,-1.1863809400614478,1.1447305191189971,2.3311114591804447,-0.009638633512914496,0.5200569179781975,0.4072551692184907,0.15539788411687303,3.533333333333333,0.8602059497597336,24.878524328254965,3.533333333333333,0.7903548994188561,1.0425309321144933,0.8833333333333333,0.0,-0.1267725583479076,-0.05094306439492181,0.10761110177280377,0.0,0.0008333333333333334
participant-04,demo-session-segment-0,2026-01-04 12:02:45+00:00,2026-01-04 12:03:14.900000+00:00,0.0,2026-01-04 12:04:25+00:00,0,69.98652581033022,2.384463182006704,66.32536301564947,73.87465206893918,7.549289053289712,70.90699550169516,4.268597536074367,70.02699841811592,0.2604799694199609,0.10102495220874406,0.194019742096928,-0.003123559152207513,0.02902324251862759,-0.08683621003421682,0.08334657254815923,0.17018278258237607,-0.0006016378393226885,0.03431015466833657,0.02914270748205735,0.0011807518972891061,0.029222337587817854,-0.12164451334328782,0.07888231408656968,0.2005268274298575,0.0037214795045665675,0.036803541520559056,0.02919747772940366,0.9984331427476792,0.03089481457535682,0.9170187184913164,1.115525818418213,0.19850709992689664,0.9979551690448378,0.040560616510332714,0.9989094295644432,0.9992821769391984,0.030986609950358217,0.9172188913020876,1.1170267078063156,0.19980781650422808,0.9986385479825295,0.0411155370125611,0.9997608907023244,0.0006436289566689383,0.030986609950358217,-0.08141965668044193,0.11838815982378614,0.19980781650422808,0.0,0.04111553701256124,0.030941617407554012,-0.001561673370813914,0.3862367531141816,-1.1863809400614478,1.2949090686687659,2.4812900087302134,-0.0082390520736908,0.46082998312513307,0.38559565028024945,0.1435464119663255,3.3666666666666667,0.8565099601315364,22.30376395603851,3.3666666666666667,0.7759921858745129,1.043468042775317,0.89,0.0,-0.06649587763681955,-0.061757124555368,0.07734041144065547,0.0,0.0016666666666666668
participant-04,demo-session-segment-0,2026-01-04 12:03:00+00:00,2026-01-04 12:03:29.900000+00:00,0.0,2026-01-04 12:04:25+00:00,0,72.06474165324326,0.9332354945029525,70.00985868700594,73.87465206893918,3.8647933819332394,71.96012662731482,1.5584217074361248,72.0707639403242,-0.004865834581461414,0.09135524272112934,0.1770866673593432,-0.0021830230961282686,0.029557681714020147,-0.08554433734893689,0.08106487556993375,0.16660921291887065,-0.002688410360722129,0.03454711640353548,0.029589017382319286,0.001614346197006101,0.03217717805967264,-0.12164451334328782,0.1032815156600091,0.22492602900329692,0.004661926392252838,0.04098035417358484,0.03216404305382104,0.9978542636001636,0.028849978562798983,0.91576441920875,1.115525818418213,0.19976139920946312,0.997496435948276,0.037837319148383064,0.9982698423992826,0.9988099816901119,0.028881044262598875,0.916639532296889,1.1170267078063156,0.20038717550942664,0.9987303052165484,0.03756583958513959,0.9992260574360076,7.967647356360019e-05,0.028881044262598875,-0.08209077291965938,0.11829640258976726,0.20038717550942664,0.0,0.03756583958513951,0.028832979097663622,-0.0005961889831641579,0.3184016875481263,-0.9272069846128039,1.2949090686687659,2.22211605328157,-0.007975005207724872,0.42012840601292095,0.31787113420276675,0.12470115710138108,0.2,0.8890501321468756,15.156418352181426,3.6,0.8492131315384014,1.0461722732792855,0.9133333333333333,0.0,-0.033994583973527844,-0.10042524457402827,0.019991439859809206,0.0,0.0008333333333333334
participant-04,demo-session-segment-0,2026-01-04 12:03:15+00:00,2026-01-04 12:03:44.900000+00:00,0.0,2026-01-04 12:04:25+00:00,0,69.96486708749894,2.282374716295451,66.53790953846404,73.3213464140991,6.783436875635061,70.00985868700594,4.464094577222113,70.00196066398777,-0.257446445158383,0.06805638489130392,0.14301491500378233,-0.002188945113989,0.02907426751837794,-0.09928902460380457,0.07994705204812727,0.17923607665193184,-0.004834186166323556,0.033747643476991454,0.029108191327124663,0.001645881415971355,0.03129027739740892,-0.09696105943458189,0.1032815156600091,0.20024257509459098,0.00460318661963012,0.040235990286452195,0.03128141269790869,0.9967496678301044,0.027045733672340765,0.91576441920875,1.0719133427219212,0.15614892351317122,0.9984440863634847,0.035518696063755684,0.9971153061658746,0.9976626210972792,0.027138475043955532,0.916639532296889,1.0765609486020513,0.15992141630516232,0.9996662765843063,0.0348293323752451,0.9980304340915558,-0.002003655487027,0.027138475043955532,-0.0830267442874173,0.07689467201774502,0.15992141630516232,5.551115123125783e-17,0.03482933237524516,0.027167194805433743,-0.0011436061629816468,0.31719124607843735,-0.6650062367755893,1.2261604674514015,1.8911667042269908,-0.01116342926963998,0.42809802304879047,0.3166642177478933,0.11010639389375511,0.16666666666666666,0.8757908046986045,15.041288705323646,3.6666666666666665,0.8236624828993808,1.0442855450902604,0.9233333333333333,0.0,0.02549967186852342,-0.11048580914157438,-0.037876236672409164,0.0,0.0008333333333333334
participant-04,demo-session-segment-0,2026-01-04 12:03:30+00:00,2026-01-04 12:03:59.900000+00:00,0.0,2026-01-04 12:04:25+00:00,0,68.04907862486887,1.1159466917524181,66.53790953846404,70.70295182373455,4.165042285270516,67.64890795486238,2.045818120978282,68.05819779856812,0.02658208251516784,0.08856682012145992,0.18473242459603945,-0.004040231916482221,0.03021762220163164,-0.09995216250980044,0.11350873662391657,0.21346089913371702,-0.006075661447377829,0.03445835696167397,0.030436564903984067,0.0012807637318193676,0.03031749094812381,-0.09696105943458189,0.11665412104104966,0.21361518047563155,0.0022257391778291637,0.03853083814123233,0.030294005660113924,0.9990744378005201,0.029638779975254697,0.9311329283156651,1.0918336934576982,0.16070076514203313,0.9992106244070753,0.03669580794218552,0.9995125118546133,0.9999953597747387,0.02969160965567853,0.9318092954431294,1.0929538840027455,0.1611445885596161,0.9994918094032244,0.037001004959616,1.000434591872956,0.0005035503715144603,0.02969160965567853,-0.06768251396009495,0.09346207459952116,0.1611445885596161,5.551115123125783e-17,0.03700100495961589,0.029646359101504365,0.00010892179493996457,0.3530739248384162,-0.9734365587697669,1.2984127440181625,2.2718493027879294,-0.017373090826481863,0.4822871733691919,0.35248499392658544,0.13180805314319763,0.7333333333333333,0.8859767563187937,18.64071964662675,3.1333333333333333,0.8266893562332769,1.0460414306360022,0.9033333333333333,0.0,0.06934425813127061,-0.06762173751874616,-0.05689798907910879,0.0,0.0016666666666666668
participant-04,demo-session-segment-0,2026-01-04 12:03:45+00:00,2026-01-04 12:04:14.900000+00:00,0.0,2026-01-04 12:04:25+00:00,0,69.95233153798212,2.0230537420351773,66.58341192875685,73.06609427406156,6.48268234530471,70.45464261568424,4.166688094180657,69.98148177592974,0.22742759568716236,0.10733325248411053,0.20913724091481203,-0.0004978080175957943,0.030735789234929707,-0.09995216250980044,0.11350873662391657,0.21346089913371702,-0.0016625342724708963,0.03486847917889817,0.03068855796954445,0.0026499739904479198,0.02885448854859825,-0.07187345287408385,0.11665412104104966,0.18852757391513353,0.0009902416875993587,0.037099260672322984,0.028927989903434943,1.0012170606265614,0.03094546928834361,0.9051686805788981,1.0918336934576982,0.1866650128788001,0.9983782434771417,0.04098609284077348,1.001693582132581,1.002108269011329,0.030835617487615215,0.9052441332279648,1.0929538840027455,0.1877097507747807,0.999184988451391,0.039401996860022104,1.0025809935739383,0.0029232805599379904,0.030835617487615215,-0.09394085522342621,0.09376889555135448,0.1877097507747807,-5.551115123125783e-17,0.039401996860022104,0.030922668449782233,0.0029442500859341333,0.381249326984583,-1.0642529734792372,1.2984127440181625,2.3626657174974,0.02023494413676108,0.5029665508495493,0.3806247685542969,0.14215022758075926,0.7333333333333333,0.8731490915947299,21.730569367559266,3.1666666666666665,0.818872755722913,1.0476736635346833,0.89,0.0,0.0557480003740109,-0.08778423132238122,-0.029854733890512256,0.0,0.0025
participant-04,demo-session-segment-0,2026-01-04 12:04:00+00:00,2026-01-04 12:04:29.900000+00:00,0.0,2026-01-04 12:07:59.900000+00:00,0,71.78781189839947,0.8201039757201857,69.24414991724947,73.06609427406156,3.8219443568120823,71.9831848258723,1.14467105641927,71.79248056578912,0.0036459445856143833,0.08421363996038204,0.16937318460224626,0.0008867596847520441,0.02914358934790459,-0.09011316474211202,0.07242891834640053,0.16254208308851253,0.0016170658573396793,0.03671905493387691,0.029108486394020364,0.0006188043148846604,0.028247273311629094,-0.09516276556153322,0.07923880205593503,0.17440156761746825,0.0007310668121323772,0.038037191888468894,0.028206943710550898,1.000827292445551,0.029266861178030814,0.9051686805788981,1.0894478661900893,0.18427918561119117,0.9995323107047793,0.03763480843347877,1.0012536957750664,1.0016509866990282,0.029155329630900926,0.9052441332279648,1.089798375879293,0.18455424265132825,1.0005045123449596,0.03749410415398258,1.0020737991569635,0.0011464743540685433,0.029155329630900926,-0.09526037911699481,0.08929386353433344,0.18455424265132825,1.1102230246251565e-16,0.037494104153982466,0.029129267158273506,-0.00019875548486742852,0.35942576814737903,-1.218154097702846,1.1916464670844418,2.4098005647872878,0.024384250718915146,0.4504349518720202,0.35882628021005064,0.12708200706928494,1.6,0.8876072919882592,19.314120665871844,3.1,0.832429000026856,1.0457961196717918,0.9166666666666666,0.0,-0.04234449378843423,-0.10213725069925315,0.018954999153584735,0.0,0.0016666666666666668
participant-04,demo-session-segment-0,2026-01-04 12:04:15+00:00,2026-01-04 12:04:44.900000+00:00,0.0,2026-01-04 12:07:59.900000+00:00,0,69.84942106815367,2.232057197291413,66.40080973558895,72.85023733928007,6.44942760369112,69.65180523729377,4.452984899647163,69.88495614906763,-0.25066768226101394,0.07180988946500602,0.1425561451867841,-0.0029224136946115423,0.02812529420260116,-0.07111452655471673,0.08510340936813052,0.15621793592284725,-0.003370282209550021,0.03516398451153262,0.028230053168069792,-0.0023545518428316173,0.02650936248064488,-0.09516276556153322,0.0638237265786093,0.15898649214014252,-0.0005950464529239819,0.034822335994422846,0.02656967681111377,1.0003776647939007,0.02987220048681759,0.9189326579548235,1.0894478661900893,0.17051520823526578,1.0008426833620168,0.03835910563278666,1.0008220851309604,1.0011290542607034,0.029854940746249566,0.9202030226728168,1.089798375879293,0.16959535320647623,1.0018773417998799,0.03861962955047171,1.0015726282769524,-0.00074828753917669,0.029854940746249566,-0.08167431912706302,0.08792103407941321,0.16959535320647623,0.0,0.03861962955047163,0.029814532746858306,-0.0011245160719329365,0.3501794766245159,-1.218154097702846,0.9737083696364457,2.1918624673392917,0.004904071783125019,0.4570758609935857,0.349597165557616,0.13325212907723638,0.3,0.8781119582743118,18.33256901124968,3.2666666666666666,0.8258183450980133,1.0431683556954157,0.91,0.0,-0.012303675551176245,0.050425013456148464,0.025058679549827146,0.0,0.0008333333333333334
participant-04,demo-session-segment-0,2026-01-04 12:04:30+00:00,2026-01-04 12:04:59.900000+00:00,0.0,2026-01-04 12:07:59.900000+00:00,0,68.00976967717148,0.8366837560170458,65.64393950519437,69.93591005382429,4.291970548629919,68.08659401565822,1.0895113351787131,68.01489893974558,0.011590915533486127,0.10140887387468675,0.21543373050872286,-0.0015273312092020318,0.029393103933616323,-0.09693586300180358,0.08510340936813052,0.1820392723699341,-0.0032062190169333668,0.03572818694102793,0.029383795720523683,-0.001927861981911225,0.026841854069876193,-0.09723506663916694,0.07466197102279067,0.1718970376619576,-0.0015879170905313534,0.036489396253988476,0.026866338876559506,1.0022162094854825,0.029989031917650833,0.9194874389858012,1.0929390938479129,0.17345165486211167,1.002480369738671,0.03645755718195598,1.0026632908329804,1.003005949473282,0.030015843990009967,0.920592016944352,1.0932227465281366,0.17263072958378456,1.003013395216107,0.03628711044319033,1.003453477944841,-7.445742825223182e-06,0.030015843990009967,-0.08242137827175511,0.09020935131202945,0.17263072958378456,-1.1102230246251565e-16,0.03628711044319044,0.029965776750101574,-0.0003043297564949129,0.37942983639113137,-1.0901147438129277,1.3649540796895732,2.4550688235025007,-0.010759094725409368,0.4754806491171326,0.37879704771542516,0.1346922156962529,2.8333333333333335,0.8813332518639654,21.523139308768396,2.8333333333333335,0.8031369133909473,1.0463500911384074,0.8866666666666667,0.0,0.036884387764159886,0.019827055053535488,-0.044728351405528846,0.0,0.0016666666666666668
participant-04,demo-session-segment-0,2026-01-04 12:04:45+00:00,2026-01-04 12:05:14.900000+00:00,0.0,2026-01-04 12:07:59.900000+00:00,0,70.09853710047145,2.1230811908102822,65.64393950519437,73.5637431868419,7.919803681647537,69.33580140470447,3.898507934905169,70.13057359280948,0.2319995760613531,0.11670928031612565,0.23610682399535324,-0.0011866158907516179,0.02842698132759778,-0.09693586300180358,0.06404298059890476,0.16097884360070835,-0.0049183915487147345,0.03807892120630767,0.028404360236539597,-0.00016387348216270053,0.028658612505063127,-0.09723506663916694,0.09161258153794447,0.18884764817711142,-0.00026650516929944794,0.036127748720400886,0.028611277584158993,1.0017423101669227,0.027936926675487517,0.9307213965631319,1.0929390938479129,0.16221769728478097,1.001060950050785,0.037722946712087424,1.0021304936372948,1.0025537442614023,0.02792001890162451,0.9317789742449357,1.0932227465281366,0.16144377228320084,1.001643382775414,0.037237083164864404,1.0029411444163476,0.0009103614859882925,0.027920018901624506,-0.06986440853047837,0.09157936375272246,0.16144377228320084,1.1102230246251565e-16,0.03723708316486432,0.027888309175184565,-0.0018559155484129933,0.36138849882766133,-0.8292519410671417,1.3649540796895732,2.194206020756715,-0.000517988944701564,0.4619878791023366,0.3607904553668473,0.11653936146913191,3.033333333333333,0.8681394423090842,19.525390255752892,3.033333333333333,0.7976136873974484,1.0468504966529582,0.9166666666666666,0.0,0.05467463872176417,-0.1205731358056579,-0.0252507232359585,0.0,0.0016666666666666668
participant-04,demo-session-segment-0,2026-01-04 12:05:00+00:00,2026-01-04 12:05:29.900000+00:00,0.0,2026-01-04 12:07:59.900000+00:00,0,72.0658727719701,0.9667228804840027,69.33580140470447,73.5637431868419,4.227941782137435,72.2463353916987,1.6803184680623389,72.07233488889023,0.01581730681599573,0.1146948912651668,0.20930632251214182,-0.0008133232895390096,0.026715173201026638,-0.07910053678840692,0.06362157689126216,0.14272211367966908,-0.0028761128635981644,0.0390699977833584,0.026683009057018953,0.0021646644038817303,0.02989782336442705,-0.08649365626525532,0.09161258153794447,0.17810623780319979,0.0030882267940283586,0.03709652361498461,0.029926343151792052,0.9998428176784326,0.026335740501797995,0.9312575916141782,1.0576619568269139,0.12640436521273568,0.9998001339221939,0.03877840740230809,1.0001884419382345,1.0006486638348264,0.02624950910549631,0.9317789742449357,1.057718450053405,0.1259394758084692,1.0006826993050275,0.03783503599634119,1.0009917524003926,-3.4035470200999286e-05,0.02624950910549631,-0.06890372506009179,0.05703575074837741,0.1259394758084692,0.0,0.03783503599634111,0.02620574550739781,0.00018489418911972643,0.3304682533912547,-0.7031998691498953,0.8453129011423599,1.5485127702922552,4.1763315568044135e-05,0.4626645059698975,0.32991706502846463,0.10301169592351045,2.1333333333333333,0.8660001882779236,16.32714854454545,3.5666666666666664,0.7879643300647554,1.0455086412645334,0.95,0.0,0.07692707821043296,-0.11634943773314087,0.06026333219576113,0.0,0.0025
participant-04,demo-session-segment-0,2026-01-04 12:05:15+00:00,2026-01-04 12:05:44.900000+00:00,0.0,2026-01-04 12:07:59.900000+00:00,0,70.13255359519569,2.194721652556938,66.9267498871114,73.38751477500833,6.460764887896929,70.58161904683347,4.6306048367759445,70.16677148697063,-0.2441531081240665,0.11372312732369864,0.2033241125996555,0.0034681416503861383,0.027736453470491456,-0.07910053678840692,0.07146100178976243,0.15056153857816934,0.00397160874904275,0.04065313252902954,0.027906531280761943,0.0024329580980237127,0.02803461753550406,-0.06669062745156121,0.07679229015727476,0.14348291760883597,0.002951579912159799,0.03698583392782473,0.02809340253868971,1.0015620260461853,0.02656969123967156,0.9160489154771146,1.0663776005622352,0.15032868508512054,1.0039071188944977,0.0343089467210711,1.001913213481422,1.0023458828933027,0.02651746726355116,0.9170337618790023,1.067051073300802,0.15001731142179975,1.0049490375013286,0.03438729197559709,1.0026954179126353,-0.002603154608025961,0.026517467263551163,-0.08791527562232626,0.06210203579947349,0.15001731142179975,1.1102230246251565e-16,0.03438729197559698,0.02660091283684107,-1.7250219137602643e-06,0.33336241886586193,-0.7931230166003755,0.8860983232140396,1.6792213398144151,-0.002440826817380337,0.4599618467077801,0.33280635106224626,0.10512498795937589,0.4666666666666667,0.886981215163023,16.614076633237154,3.3666666666666667,0.8229016401283117,1.0466523841950521,0.9466666666666667,0.0,-0.0031717738100735422,-0.03979754391204458,0.08382205148986507,0.0,0.0033333333333333335
participant-04,demo-session-segment-0,2026-01-04 12:05:30+00:00,2026-01-04 12:05:59.900000+00:00,0.0,2026-01-04 12:07:59.900000+00:00,0,68.07059863646997,0.9548328965698138,66.66219297444955,70.58161904683347,3.9194260723839136,67.6849035570591,1.7186241228853447,68.07727275360129,-0.008365575220223777,0.10481188359939785,0.1887410944855237,0.0022933502504496927,0.028977800308665043,-0.07558660201920393,0.07954208082794043,0.15512868284714437,-0.000221828722974706,0.039484870237457274,0.029020222657042842,-0.000939826684415226,0.02673711561652895,-0.08485123276604783,0.07854457103205506,0.1633958037981029,-0.0009758838144974628,0.03195812282273941,0.026709056788227034,0.9995397883049315,0.02950259290024267,0.8905052470705599,1.0881909586442662,0.1976857115737063,1.0011599887929874,0.0359558953311514,0.9999736446773048,1.000317506726717,0.029506353652348622,0.8912032774151164,1.088422660610233,0.19721938319511656,1.0022222367177331,0.03618663686159018,1.0007511364404205,-0.0019047299910162293,0.029506353652348622,-0.11101895930261674,0.08620042389249982,0.19721938319511656,1.1102230246251565e-16,0.03618663686159024,0.02951865205554987,-0.0010139217281136693,0.3499960785625086,-0.8921738433888571,1.0026206401090554,1.8947944834979125,0.0007032344542828861,0.45516180509447446,0.3494137359392739,0.1301589563657577,0.26666666666666666,0.8750588725889658,18.313344387584145,3.3666666666666667,0.8262343931057461,1.0433027947857065,0.91,0.0,0.0461189212758216,-0.06868895211901847,0.15193863784928752,0.0,0.0033333333333333335
participant-04,demo-session-segment-0,2026-01-04 12:05:45+00:00,2026-01-04 12:06:14.900000+00:00,0.0,2026-01-04 12:07:59.900000+00:00,0,70.17474146516774,2.3777178858103074,66.66219297444955,73.7436171961889,7.08142422173934,69.76670865262405,4.994245391232383,70.21487760372789,0.2634041687055487,0.10688265452197268,0.20307710202379767,0.000981478366569322,0.030518753744489324,-0.08410906528524631,0.07954208082794043,0.16365114611318674,-0.0017278171840561989,0.0395010992093134,0.030483651063049663,-0.0031706218772601202,0.02939067114688208,-0.11357109970701189,0.08449984044798155,0.19807094015499344,-0.0014222859784191076,0.03506111954984266,0.029512455365791685,0.9998627984024536,0.030634740027306154,0.8716629149118773,1.0934313210991702,0.22176840618729288,0.9989318493187094,0.036807132125839415,1.000330432724476,1.0007633506277314,0.030611308143116297,0.8727848633068622,1.0997220119850812,0.22693714867821901,1.0002771667276922,0.036723950329024646,1.0012298500537173,0.00048618390003934606,0.030611308143116297,-0.12749230342082996,0.09944484525738906,0.22693714867821901,1.1102230246251565e-16,0.036723950329024674,0.03056411382209589,-0.001582186494843374,0.37359342373454624,-1.2014478570875387,1.2391439364943935,2.440591793581932,-0.0027215123753165926,0.45013711814131524,0.37297360418347614,0.14009190612672714,1.5666666666666667,0.8824814999325744,20.86618726995899,3.6333333333333333,0.8254625459093661,1.046388990559055,0.9033333333333333,0.0,-0.045849685349054585,-0.031209845113845103,-0.041105009948364746,0.0,0.0016666666666666668
participant-04,demo-session-segment-0,2026-01-04 12:06:00+00:00,2026-01-04 12:06:29.900000+00:00,0.0,2026-01-04 12:07:59.900000+00:00,0,72.18386926440576,1.0708562916832904,68.95490517029204,73.7436171961889,4.7887120258968565,72.51968169726507,1.313223859918395,72.19178549346363,-0.015612689977100988,0.10726637796840086,0.20305226081511235,0.0013128886473128996,0.031419460947208,-0.08410906528524631,0.0804242077807191,0.1645332730659654,0.0001779969233322051,0.04278119094735137,0.031394515355276015,-0.0016181564475764465,0.029544934772118406,-0.11357109970701189,0.08449984044798155,0.19807094015499344,-0.000757386127864653,0.03842673145426376,0.029540005479720806,1.001649300646004,0.02816098333265721,0.8716629149118773,1.0934313210991702,0.22176840618729288,1.0013080818238345,0.03571256251062149,1.002043770998528,1.0025756858754606,0.028188459291442123,0.8727848633068622,1.0997220119850812,0.22693714867821901,1.0025675761324027,0.03597678722742159,1.0029705611407969,8.109743058097123e-06,0.028188459291442126,-0.12978271282554044,0.09715443585267858,0.22693714867821901,-1.1102230246251565e-16,0.035976787227421536,0.028141440478455817,-0.00036963830808858236,0.36300798031823867,-1.2014478570875387,1.2572719199775373,2.4587197770650757,0.0019327304624655595,0.4125823750210539,0.3624026505071715,0.11879113533957882,1.9333333333333333,0.8693318172557787,19.700331767967835,3.6,0.7993371341030954,1.049962563022458,0.93,0.0,-0.08379896159648251,-0.02779407527710234,-0.07920886955169647,0.0,0.0008333333333333334
participant-04,demo-session-segment-0,2026-01-04 12:06:15+00:00,2026-01-04 12:06:44.900000+00:00,0.0,2026-01-04 12:07:59.900000+00:00,0,69.91541314235715,2.39010742675075,66.04232487679323,73.11947953730419,7.077154660510956,69.73926577070246,4.570401148452831,69.95611886270463,-0.2642653891492862,0.10296166152329733,0.2023680617364529,0.00022424148742820207,0.02944208112484532,-0.08909959779992771,0.1006852556251002,0.1897848534250279,-0.00023639835080769677,0.04115205308861977,0.029393825395879494,0.0007302904136432288,0.02771977774027868,-0.06936961081392182,0.08265818169943664,0.15202779251335846,-0.0009691785917818447,0.036452101696235195,0.027683173863055164,0.9990040906321476,0.028108327230729688,0.9271462608213662,1.0912861845113335,0.16413992368996733,1.00080993324051,0.03777495971271616,0.9993981276578127,0.9998169625643331,0.02820755646833448,0.9282139976082885,1.0931361129393444,0.16492211533105594,1.0023299150323863,0.03869662610525337,1.0002134635428965,-0.002512952468053201,0.02820755646833448,-0.07411591742409784,0.0908061979069581,0.16492211533105594,0.0,0.038696626105253346,0.028272406180135996,0.000740541440721539,0.33049540574901515,-1.1092491338127786,1.2572719199775373,2.366521053790316,0.005022810759147678,0.43308615348248786,0.3299449513359679,0.11895463257532261,0.36666666666666664,0.8661566231782837,16.329985415461003,3.466666666666667,0.8397020020620424,1.0445184943820967,0.93,0.0,0.029379666277528,-0.07315573414217952,0.060418808838798486,0.0,0.0016666666666666668
participant-04,demo-session-segment-0,2026-01-04 12:06:30+00:00,2026-01-04 12:06:59.900000+00:00,0.0,2026-01-04 12:07:59.900000+00:00,0,67.75788814490774,1.1917655493304276,66.04232487679323,70.01421880252552,3.9718939257322887,67.55147192462088,1.4174782471080931,67.76833314042764,0.00011907865232781222,0.09064842586359471,0.19012322151555425,-0.001130659983959722,0.029341886275713387,-0.0933933578826791,0.1006852556251002,0.1940786135077793,-0.0014288352817124128,0.04037243084477557,0.029314755009190098,-0.00011263546710195601,0.029828043826933933,-0.09093992792853611,0.0977267206679624,0.1886666485964985,-0.0017718676855431117,0.03497584344700248,0.029778501942869275,0.9993731105636717,0.027676806292634738,0.9304401504246234,1.0790648577610038,0.14862470733638045,1.0014430075306053,0.03982776786715925,0.9997550031744014,1.0002454364686746,0.0277093231665653,0.9307003160499588,1.0791846095205777,0.14848429347061887,1.0018611872225682,0.039644640306721435,1.0006278930808683,-0.0016157507538936008,0.0277093231665653,-0.07116087117260939,0.07732342229800948,0.14848429347061887,0.0,0.03964464030672138,0.02771024874566622,0.00032344783867344887,0.31744738545752016,-0.8443334779480249,0.8277919829711089,1.6721254609191338,-0.000537572718853907,0.43962227799277415,0.3169180299023819,0.11478766950848097,1.4333333333333333,0.8616622102855955,15.065668233809447,2.8666666666666667,0.8264384512475487,1.045789236143952,0.94,0.0,0.02017480338084344,0.007272022533927411,0.04647528903313292,0.0,0.0025
participant-04,demo-session-segment-0,2026-01-04 12:06:45+00:00,2026-01-04 12:07:14.900000+00:00,0.0,2026-01-04 12:07:59.900000+00:00,0,69.90076958575277,2.5098051950479934,66.34850020291036,73.80956809241098,7.461067889500626,69.89505508431967,4.9625555777102335,69.94566257977593,0.2836120619966128,0.07074636081839754,0.14156444768802048,-0.001780522125313487,0.030125476558712064,-0.0933933578826791,0.0856983399077431,0.17909169779042222,-0.0009170524872219006,0.041421207904776866,0.030127884909752226,-0.003347510026246961,0.0310015237415734,-0.09760732028427382,0.0977267206679624,0.19533404095223622,-0.0049141464067659416,0.0387774015551413,0.031130317207306104,0.9997535991771617,0.02666422692334229,0.9409092032224567,1.0790648577610038,0.13815565453854706,0.9985777617568794,0.037069517873678404,1.0001079292398647,1.000692608290531,0.02663314390417955,0.9414304691664044,1.0791846095205777,0.13775414035417333,1.0007646371480587,0.03749649454647108,1.001045781284259,-7.202885752776167e-05,0.026633143904179545,-0.05933416798165436,0.07841997237251896,0.13775414035417333,0.0,0.037496494546471165,0.026588815841683957,-0.00016585711463459256,0.31869987004771533,-0.8624559592353054,0.8633177831323902,1.7257737423676955,-0.0005619211109947342,0.44512163171511687,0.3181683034492673,0.10604506703463833,1.1,0.8449318604175418,15.185006542202721,3.6333333333333333,0.7973137935239754,1.0484687258033543,0.9466666666666667,0.0,-0.04097306430011116,-0.02381471223943356,0.09270180936194264,0.0,0.0016666666666666668
participant-04,demo-session-segment-0,2026-01-04 12:07:00+00:00,2026-01-04 12:07:29.900000+00:00,0.0,2026-01-04 12:07:59.900000+00:00,0,71.93457919612831,0.999427873964466,69.89032039230828,73.80956809241098,3.9192477001027015,72.0328144861998,1.4161416141271417,71.94149852956264,0.0008808838835150086,0.08629610326730074,0.15800855829960989,-0.00026588663923614504,0.030596945212078897,-0.0834486890793924,0.0856983399077431,0.16914702898713552,-0.0005570511330323484,0.04331177690045293,0.03054706491893308,-0.0031582974817737806,0.029759296878390847,-0.09760732028427382,0.07381300229224175,0.17142032257651557,-0.004505451979437454,0.039203636560685276,0.029877057103691807,0.9984452647411853,0.02724920048071726,0.9368382315031646,1.067009696357029,0.13017146485386444,0.996788451640788,0.0392570984036239,0.9988157941021178,0.9993585982788715,0.027269452759170726,0.936951956896916,1.0683794840525882,0.13142752715567219,0.9984531057960417,0.0399036020661947,0.9997293395035395,0.0009054924828299279,0.027269452759170726,-0.061501148899125724,0.06992637825654646,0.13142752715567219,5.551115123125783e-17,0.0399036020661947,0.02723902030008587,-0.0010348759255064436,0.3376381850968397,-1.034337640552554,0.9136985241255446,1.9480361646780986,0.016191935281237302,0.47104172566272,0.3370765736795583,0.11117194966255553,1.1,0.852071301546454,17.04349285462367,3.6666666666666665,0.8021284190652082,1.0471954783409316,0.95,0.0,-0.1311075861646069,-0.0014041324527759398,0.04363945173731303,0.0,0.0008333333333333334
participant-04,demo-session-segment-0,2026-01-04 12:07:15+00:00,2026-01-04 12:07:44.900000+00:00,0.0,2026-01-04 12:07:59.900000+00:00,0,70.05824969220902,1.9371521861387864,65.75733219539342,72.94865063789284,7.191318442499423,69.93328074054304,3.1838505518223315,70.08493704070459,-0.21492589227370493,0.12284140363296973,0.2478789232556102,0.001407895729495533,0.028812737370090567,-0.0834486890793924,0.06606122847566318,0.14950991755505558,0.0027580566301292995,0.03912004750850242,0.028799110386035984,-0.0006137552078414201,0.03015292203328918,-0.07704776701272126,0.0923277779252036,0.16937554493792484,-0.0019147630030008373,0.037501636626491364,0.030108881418007157,0.9964701173262267,0.02804164306943292,0.9027623923854067,1.0744893341764041,0.17172694179099746,0.9944906240028455,0.03995793482663701,0.996863284185796,0.9973393886196982,0.02809119343275528,0.9042533598087161,1.0749570229917298,0.17070366318301367,0.9955231257607184,0.0403860580850145,0.9977336021488712,0.0018162628589799108,0.028091193432755283,-0.09126976595200231,0.07943389723101135,0.17070366318301367,0.0,0.04038605808501464,0.028103088360910234,-7.621283862061883e-05,0.34135891622482095,-1.131591495926585,0.9136985241255446,2.0452900200521293,0.015370448603764242,0.42988530833146826,0.34078951831831206,0.11797499291238708,2.033333333333333,0.861134424951951,17.421592010233553,3.4,0.8044801830895779,1.0429504436121442,0.9433333333333334,0.0,-0.09199637192352571,0.028346528108459387,-0.03898978837569071,0.0,0.0008333333333333334
participant-04,demo-session-segment-0,2026-01-04 12:07:30+00:00,2026-01-04 12:07:59.900000+00:00,0.0,2026-01-04 12:07:59.900000+00:00,0,68.09343014472783,0.9796238824760622,65.75733219539342,69.94532058465641,4.187988389262998,68.26590772509202,1.7259133614985416,68.10045295700714,-0.02782330796870747,0.12508390297914557,0.2585567391353847,-0.0002149157516431375,0.027284381698529155,-0.07359070004683571,0.08219522723114778,0.1557859272779835,0.00030400669259757695,0.03721991141226644,0.027239717604430117,0.0006246143172726203,0.030644994979827506,-0.08216911167499726,0.0923277779252036,0.17449688960020085,0.00011894117167210796,0.035143284739409086,0.03060025285246212,0.9960037314333493,0.028508866690144415,0.9013965682774145,1.0744893341764041,0.1730927658989896,0.9969770518272747,0.038344670021462024,0.9964102966771161,0.9968481499544724,0.028430922205462717,0.9042533598087161,1.0749570229917298,0.17070366318301367,0.9984874523071166,0.03842001204336898,0.9972521531759068,-0.0016393023526442012,0.028430922205462717,-0.09423409249840042,0.07646957068461324,0.17070366318301367,5.551115123125783e-17,0.03842001204336892,0.028430797711840837,-0.002425352153259181,0.34145728292215155,-1.269058566346113,0.7997938126797688,2.0688523790258815,0.010946887793220061,0.42482987976837333,0.34089634026603594,0.12084577664959881,1.6666666666666667,0.869959706510257,17.430665602212315,2.433333333333333,0.8313260698253782,1.0412774481946308,0.93,0.0,-0.07480228311642113,-0.07275621726393544,-0.02977734684229268,0.0,0.0008333333333333334
participant-05,demo-session-segment-0,2026-01-05 12:00:00+00:00,2026-01-05 12:00:29.900000+00:00,8.0,2026-01-05 12:05:59.500000+00:00,0,71.91688243909714,1.1415219932433887,66.34117654628105,74.05865994389087,7.717483397609826,71.96714025228796,1.4321296253821032,71.9259112465397,-0.011277813570234111,0.1008326338891803,0.21325436029478748,0.0014420474302348151,0.027317451971727736,-0.0653566278135222,0.09917146587389636,0.16452809368741855,0.0011290501757099598,0.03348195614435609,0.02730998362768836,0.0021071408929531515,0.030468440033986275,-0.08731857481556703,0.07590520352619053,0.16322377834175755,0.0034923721957824455,0.04113479604708174,0.03049051428538102,0.9996783989224264,0.02857907114631201,0.9204424583755622,1.0992293017202006,0.17878684334463846,0.997985417219237,0.03649054940439567,1.0000854673653312,1.000513863034548,0.02865651580024581,0.9213455190065764,1.1012867564440267,0.17994123743745039,0.9985751277186394,0.03633032718301088,1.0009227985726294,0.001938735315908562,0.02865651580024581,-0.07722960871206308,0.1027116287253873,0.17994123743745039,-5.551115123125783e-17,0.03633032718301085,0.028674331252455096,1.970895051810991e-05,0.34358331286598043,-1.1105324612463752,1.1510770849265584,2.2616095461729335,0.011403774592934068,0.47074418221543096,0.34301019658139176,0.12276906841906561,3.033333333333333,0.8768240376818777,17.648517047023294,3.033333333333333,0.8201771401415373,1.045431114724147,0.9333333333333333,0.0,0.039135644921685434,0.02124798320618667,0.03989105945687029,0.0,0.005
participant-05,demo-session-segment-0,2026-01-05 12:00:15+00:00,2026-01-05 12:00:44.900000+00:00,8.0,2026-01-05 12:05:59.500000+00:00,0,70.01658829855197,2.088906739918965,66.66599304755717,74.05865994389087,7.392666896333708,69.77919153982711,3.89220327320848,70.04763824164554,-0.23119759307840243,0.11236882848746514,0.21689177630608625,0.00012096443853192474,0.028801734675170262,-0.08318812278029757,0.09917146587389636,0.18235958865419394,0.001257098543972634,0.03502430754607619,0.028753946157469092,0.0018286920958878769,0.029671237509903716,-0.0933475934773281,0.08973721752423508,0.18308481100156318,0.0011101418394819738,0.03884510984484703,0.029678137447726002,0.9986528322633876,0.02943386371562315,0.9002046904146034,1.0992293017202006,0.19902461130559723,0.9967212961552905,0.038836871871805956,0.9990850533762403,0.9995069908213524,0.029448108223939968,0.9008469116121305,1.1012867564440267,0.20043984483189625,0.9970304498553206,0.038407837214044394,0.999939260726269,0.0024765409660318758,0.029448108223939968,-0.09618353824319015,0.1042563065887061,0.20043984483189625,5.551115123125783e-17,0.03840783721404453,0.029503113330608892,-0.0004610877083656839,0.3578809828013101,-0.956405171718544,1.3048647977457917,2.261269969464336,-0.02647868018087196,0.48606629057332346,0.35728431413446765,0.12964707564153571,2.8,0.8818000573024334,19.148295755503675,3.466666666666667,0.8214646645344308,1.0441178158909459,0.91,0.0,-0.1299046634446503,-0.0579956187260455,0.0672184768711667,0.0,0.0016666666666666668
participant-05,demo-session-segment-0,2026-01-05 12:03:30+00:00,2026-01-05 12:03:59.900000+00:00,8.0,2026-01-05 12:05:59.500000+00:00,1,68.21035025655362,1.0917669220173043,66.20798514481514,70.59151913073408,4.383533985918945,68.01815302387394,1.8506701998973227,68.21905792335718,0.011261771712807286,0.09212113752365052,0.17169953433244176,-0.0010801915218660188,0.030442049947884783,-0.13111164770768935,0.07685666800648454,0.2079683157141739,-0.0014911060618892922,0.03968205478680019,0.030410461315200806,-3.625416073457945e-05,0.028859203926144186,-0.08973604677878151,0.0819580978622292,0.1716941446410107,3.889087367232305e-05,0.03841347680977519,0.028811087913812695,0.9999751968625428,0.028894496472146158,0.9129507358339937,1.0984582383411468,0.1855075025071531,0.9990564761831457,0.03774899702681056,1.0003911751377916,1.000853653842195,0.028846413069392673,0.9146399202816704,1.0989466559114294,0.18430673562975897,1.000445763597165,0.03781401745877533,1.001267885352243,0.0004078902450300126,0.028846413069392673,-0.08580584331549468,0.09850089231426429,0.18430673562975897,1.1102230246251565e-16,0.037814017458775384,0.02880118405434261,0.0006684213259514893,0.3545850458769486,-1.1200415607742553,1.0760598371998553,2.1961013979741106,-0.0010018678828599414,0.45738114145435355,0.35399420856481284,0.12440127646227166,1.9,0.8629791631736364,18.796801155804133,3.6999999999999997,0.7951831045131545,1.0463018968741562,0.91,0.0,-0.11597831670283114,0.002578388793111351,0.08132024071294691,0.0,0.0008333333333333334
participant-05,demo-session-segment-0,2026-01-05 12:03:45+00:00,2026-01-05 12:04:14.900000+00:00,8.0,2026-01-05 12:05:59.500000+00:00,1,70.06338642878703,2.0275007790267607,66.49087077774962,73.01848383112133,6.527613053371709,70.34060216134606,3.95156160870269,70.09261854679941,0.22704482706926976,0.09091542033862902,0.17432029959043385,-0.0013666096345204255,0.028201257903078144,-0.09315476106517173,0.07321803530575606,0.16637279637092778,-0.0029906934449085154,0.038030456019532845,0.0281873647707273,-0.000969382800510004,0.030436117028182608,-0.0769455711168246,0.10433967655045082,0.1812852476672754,-0.0033293101518219095,0.04278375219837262,0.030400806985472845,1.0011166720507654,0.02906192002480536,0.9129507358339937,1.0781500831314395,0.1651993472974458,1.0010219695116993,0.039854402545657974,1.001537004277031,1.0019736182078365,0.02909980432634021,0.9146399202816704,1.0796400637029249,0.16500014342125446,1.0017276148567067,0.03922911203989132,1.002394686505418,0.0002460033511299675,0.02909980432634021,-0.08708769457503629,0.07791244884621817,0.16500014342125446,-1.1102230246251565e-16,0.039229112039891406,0.02905230571642495,-0.0007659933328897325,0.35328880239724086,-0.9971578822427019,0.9334367620826312,1.930594644325333,-0.00011100496950910976,0.49555676394634374,0.3527003280199757,0.12659948484013014,0.13333333333333333,0.8714092817600557,18.66020525892969,3.6999999999999997,0.813625696588194,1.0480665918894716,0.91,0.0,-0.02132427301504841,-0.020715517271165797,-0.00387279090548221,0.0,0.0
participant-05,demo-session-segment-0,2026-01-05 12:04:00+00:00,2026-01-05 12:04:29.900000+00:00,8.0,2026-01-05 12:05:59.500000+00:00,1,71.90127438886061,0.7814525133411188,70.30377490990013,73.32802384217597,3.024248932275839,71.87881175286435,1.3463089122127485,71.90550668212225,0.00945645646478664,0.09732342928254151,0.20671910242474162,-0.0029883607879881164,0.05577908688459352,-0.567717674644985,0.31538993828327744,0.8831076129282625,-0.003117686731374806,0.038449350684481076,0.055766170857422935,-0.00247664013812855,0.03746276248450221,-0.3132802593298524,0.10433967655045082,0.4176199358803032,-0.002857012640777647,0.04291707187031568,0.03748218408925475,0.9990612892776619,0.031052362296584316,0.8110040989332251,1.0763084633370426,0.26530436440381744,1.0003659194603696,0.03465691821939587,0.999542142569951,1.0013621178832302,0.029599052761110464,0.880589090972564,1.1484791598409019,0.2678900688683379,1.0017247479770912,0.03399339457529771,1.0017980209151585,-0.0003626300938612374,0.02959905276111046,-0.12113565700452722,0.14675441186381066,0.2678900688683379,0.0,0.03399339457529768,0.029551904820594187,0.00033308945192696743,0.36396651602296615,-1.4104270679198172,1.495065983524183,2.905493051444,-0.0031046361286690694,0.4549732886579369,0.3633595514801549,0.1309934845372616,1.9666666666666666,0.876324968123753,19.811555340936625,3.533333333333333,0.8580133321402389,1.0542392130200287,0.9166666666666666,0.0,0.025086385069753837,-0.09648349900539642,0.20587223218359446,0.0,0.0
participant-05,demo-session-segment-0,2026-01-05 12:04:15+00:00,2026-01-05 12:04:44.900000+00:00,8.0,2026-01-05 12:05:59.500000+00:00,1,71.89673610397615,0.7401778639315673,70.64924495090929,73.41699097889344,2.7677460279841455,71.89981875248463,1.2726811025013376,71.90053337398926,-0.014722235076221567,0.10266946843420524,0.2218717855031055,-0.012601012734492956,0.17002107617870757,-0.7283275590971066,0.6563197852788771,1.3846473443759837,-0.0025929914976209325,0.08921073898258902,0.17020456705315185,-0.006836871549285427,0.16804125402403244,-0.5493010127203443,0.6373365587813684,1.1866375715017128,-0.003883816595985018,0.09775466276824735,0.16790020743397227,0.9922505167581228,0.14817655410454902,0.31811270242866685,1.467092045971091,1.148979343542424,0.9984466829415541,0.0759690749624663,1.0032169214859628,1.020210560303329,0.15116496947634508,0.3190307772780695,1.5273462052776068,1.2083154279995374,1.00742343597244,0.08102834289328587,1.0313119149209389,0.012787124330888742,0.15116496947634508,-0.6883926586943706,0.5199227693051667,1.2083154279995374,1.1102230246251565e-16,0.08102834289328595,0.15145358712198048,0.0021849381388732787,1.810218127859247,-5.662414543961529,6.356711069431257,12.019125613392786,0.005511026250427653,0.9587355449832269,1.8071999000710481,3.4166327695117555,1.0333333333333332,0.8935109662787275,490.09034127785884,2.9,0.8532119664704119,1.2070592970814413,0.5666666666666667,0.016666666666666666,0.028496274008899584,0.055695195113438734,-0.1512440676137374,0.0,0.0008333333333333334
participant-05,demo-session-segment-0,2026-01-05 12:04:30+00:00,2026-01-05 12:04:59.900000+00:00,8.0,2026-01-05 12:05:59.500000+00:00,1,73.94556543523854,2.47430593076572,70.64924495090929,78.61997655174542,7.970731600836132,72.9959061730682,4.138712861548271,73.98681254167327,0.266765777125357,0.11339333839152144,0.22671305167009856,-0.017744412378816795,0.23883398567796363,-0.7283275590971066,0.6563197852788771,1.3846473443759837,-0.018330944399845867,0.31828140713989905,0.2390949559828518,-0.004485791942196507,0.22327901051243126,-0.577485063186225,0.6373365587813684,1.2148216219675934,-0.01937579044458946,0.3059672696323824,0.22295169987310637,0.99346749299639,0.20223288151964444,0.31811270242866685,1.6247922630887746,1.3066795606601076,0.9863275819941911,0.24563231006548025,1.0137748620282407,1.0463277724309321,0.19986162932331758,0.3190307772780695,1.6296143020120462,1.3105835247339765,1.0400398860074191,0.23129273511868642,1.0651822986386548,0.006287886423512846,0.19986162932331758,-0.7210091087293496,0.589574416004627,1.3105835247339765,0.0,0.23129273511868637,0.19962730146081456,-0.004443557711726828,2.393211865251123,-6.993239114032935,6.356711069431257,13.349950183464191,-0.0037407372852182874,3.040041520664351,2.3892239814935663,5.9717657898275505,1.4,0.8827228717150355,856.2870122103186,2.9,0.8450701224900377,1.3616356439810635,0.25,0.013333333333333334,0.059949691272093375,0.058444844662149456,-0.12750076913239228,0.0,0.0008333333333333334
participant-05,demo-session-segment-0,2026-01-05 12:04:45+00:00,2026-01-05 12:05:14.900000+00:00,8.0,2026-01-05 12:05:59.500000+00:00,1,79.42685806400098,3.932405250929129,72.87646251110294,86.6207311550607,13.744268643957753,78.66873350401177,6.589870816374315,79.5238206258957,0.44882164777761996,0.10453567302915324,0.2092519601902006,-0.0039021735454065182,0.2468785561715238,-0.724193214034659,0.5886092345335247,1.3128024485681835,-0.0004993623246423579,0.3265080212017419,0.24649763700839727,0.0007602605858881836,0.22370793251194848,-0.577485063186225,0.6029912020282289,1.1804762652144538,0.0016808587435524769,0.3175298009070232,0.2233360687425262,1.0033937174077958,0.19550339581285212,0.36820521853868965,1.6247922630887746,1.2565870445500849,0.9887825058005981,0.26680886290257433,1.0222001392332836,1.0576972751264482,0.19217906441663854,0.5003529260322769,1.6296143020120462,1.1292613759797692,1.049844635212568,0.26019566827628515,1.0749573058036466,0.007852639913880013,0.19217906441663854,-0.5494917091802912,0.5797696667994781,1.1292613759797692,-1.1102230246251565e-16,0.26019566827628504,0.192019133016317,-0.00785987400066397,2.328133546328462,-6.993239114032935,7.11584179867582,14.109080912708755,-0.043265016028083414,2.994829496745222,2.3242633745900614,5.522541765544717,1.4,0.8883125150605737,810.8928137508038,2.7,0.854116946606004,1.3845010307182106,0.17,0.013333333333333334,0.06973201047056592,0.06553291041730425,-0.017020937447012247,0.0,0.0
participant-05,demo-session-segment-0,2026-01-05 12:05:00+00:00,2026-01-05 12:05:29.900000+00:00,8.0,2026-01-05 12:05:59.500000+00:00,1,84.8048042668871,2.6359954465250404,78.71749045627811,87.69281614745962,8.97532569118151,86.26291544578056,4.178718026154613,84.84562532721306,0.2712586505671055,0.08266138294851587,0.17145504657462043,0.01272996743695824,0.25693168147572615,-0.614951089351905,0.6169475442021731,1.2318986335540782,0.006267489193234655,0.33899511377061353,0.25681879744365194,0.01964088874330593,0.2308412536966998,-0.5551127721349693,0.7500086919958731,1.3051214641308424,0.019506411660247674,0.303925548138051,0.23129164123287474,1.0075086292986017,0.19465594863432317,0.36820521853868965,1.560947427552467,1.1927422090137774,0.9969404205439536,0.2815337070874807,1.026079077518921,1.0646451693184316,0.19735878434838766,0.4158417857197392,1.6282343201097635,1.2123925343900244,1.08420865917323,0.27645341292076475,1.082723414056739,-0.019563489854798496,0.19735878434838766,-0.6683668734534909,0.5440256609365335,1.2123925343900244,0.0,0.27645341292076486,0.1979984467840778,0.019421150228048113,2.4691096804470605,-7.104328392133286,7.11584179867582,14.220170190809107,0.008991178484729634,3.445793721225164,2.4650675690076547,5.823103146355755,2.6,0.8729174399357978,911.506808492804,2.6,0.8212463505687161,1.4020139170010304,0.15333333333333332,0.013333333333333334,0.027830184737708617,0.06934308959371557,0.030143896576510613,0.0,0.0008333333333333334
participant-05,demo-session-segment-0,2026-01-05 12:05:15+00:00,2026-01-05 12:05:44.900000+00:00,8.0,2026-01-05 12:05:59.500000+00:00,1,86.6926188735712,0.5377726703701137,85.793105741867,88.0015087513259,2.2084030094589053,86.68696298725834,0.7663014213468102,86.69428125663839,-0.0021109123616738414,0.09083931692848696,0.17965675357777955,-0.004648755842172463,0.2534525972465674,-0.614951089351905,0.6169475442021731,1.2318986335540782,-0.007934039008280769,0.3450758867491147,0.2530725243582836,0.028884631943152193,0.23992523514048444,-0.5573444701503808,0.7500086919958731,1.3073531621462537,0.03656927802359494,0.31915438470917523,0.24126035734212684,1.0038764624438026,0.2083476191285343,0.40601396383172667,1.560947427552467,1.1549334637207405,0.9949030947083521,0.2994648606423107,1.025198510766195,1.062176042939963,0.21264295500343386,0.4158417857197392,1.6505948866277957,1.2347531009080566,1.066651042014834,0.2780903453519994,1.0831824634322458,-0.004474999074871196,0.21264295500343386,-0.6508092562950949,0.5839438446129617,1.2347531009080566,1.1102230246251565e-16,0.27809034535199945,0.21233541510607812,0.002690490185399126,2.656534896373689,-8.13976844216559,7.158130663029104,15.297899105194695,0.03884114961975216,3.596601422840079,2.6521050071348546,6.760431933063293,2.6666666666666665,0.8838375820889839,1055.2728172800885,3.7666666666666666,0.8278038986654139,1.4041002750693197,0.17,0.02,0.012521583879626359,0.002290223941067502,-0.02080502593582154,0.0,0.0016666666666666668
participant-05,demo-session-segment-0,2026-01-05 12:05:30+00:00,2026-01-05 12:05:59.900000+00:00,2.0,2026-01-05 12:07:59.900000+00:00,0,88.08352181629058,2.8875320215470954,71.78359988279176,93.08239657058688,21.298796687795118,87.94460492405268,3.9950801179053173,88.13068060518131,0.17505560546745547,0.16011949050457366,0.8672881378176757,-0.005244863326455165,0.24698786561416974,-0.5323216125832225,0.635624627067022,1.1679462396502447,-0.006130943744264808,0.33312863517414115,0.24663165044134314,0.00962255960578634,0.24311793173250734,-0.8064455452348779,0.5830843282457303,1.3895298734806083,0.026582903409832093,0.3356018673296304,0.24290306973665998,1.0055949741518813,0.21625987686064346,0.48123756727207745,1.6501798007271873,1.1689422334551098,1.0058742713673012,0.2935746750003072,1.028510423832206,1.0628506831547944,0.21948066446969275,0.5293695930368207,1.6871617350510093,1.1577921420141886,1.063578415507331,0.2802339915215051,1.0852017159120315,-0.0007277323525364724,0.21948066446969275,-0.5342088224705102,0.6235833195436784,1.1577921420141886,0.0,0.2802339915215052,0.21911576650296358,0.00533592814088685,2.679448631444784,-8.13976844216559,7.262558528513681,15.40232697067927,-0.07174427871124378,3.4020089033602665,2.6749844779833665,7.204823992361519,2.0,0.8815690386252348,1074.7361287934516,2.9,0.8355977754213593,1.4028214043208351,0.18,0.02666666666666667,0.05825737561396954,0.032068067547403996,-0.000566993016489139,0.0,0.0016666666666666668
participant-05,demo-session-segment-0,2026-01-05 12:05:45+00:00,2026-01-05 12:06:14.900000+00:00,2.0,2026-01-05 12:07:59.900000+00:00,0,80.70904728859067,9.264011521333929,69.98562524725993,93.08239657058688,23.096771323326948,73.71798639088479,18.87469935463595,81.23722146077999,-0.8464142477109767,0.16904633072115896,0.8698667477629975,0.006863849821858644,0.18267573692758854,-0.509163782291004,0.635624627067022,1.144788409358026,-0.0034469042779576575,0.08652264659277174,0.18250014396398276,-0.0004883048695461004,0.165665904367024,-0.8064455452348779,0.5325996470440736,1.3390451922789515,-0.0009851460392171106,0.08900921048861676,0.1653902848975429,1.0046263906709378,0.1518398373648916,0.4870844776926088,1.6501798007271873,1.1630953230345784,0.9999014473457184,0.07504531838314243,1.0159983611811632,1.033641938868614,0.15677752281168958,0.5293695930368207,1.6871617350510093,1.1577921420141886,1.0075963082996886,0.10643520271231688,1.0454247552110933,0.02604563056892538,0.15677752281168958,-0.47822671526286786,0.6795654267513207,1.1577921420141886,0.0,0.1064352027123168,0.1586683203788316,0.006704610375762974,1.8640899755755354,-8.072700312649877,7.262558528513681,15.335258841163558,0.006662330590821441,1.139527886310372,1.8609926430227195,3.6766327134340115,0.03333333333333333,0.8790962805239915,520.4599484665446,2.9,0.8413988820204361,1.2237656853737207,0.5333333333333333,0.01,0.10682215727550143,0.11655390321103774,0.05708382202376025,0.0,0.0008333333333333334
participant-05,demo-session-segment-0,2026-01-05 12:06:00+00:00,2026-01-05 12:06:29.900000+00:00,2.0,2026-01-05 12:07:59.900000+00:00,0,71.9553483309143,1.2453308896607118,69.085492498978,74.02326464384376,4.937772144865761,72.29891484529622,1.6508568210133205,71.96608807592091,0.009352755177548373,0.11017843251343402,0.2265467153946625,-0.001626323417107868,0.029946074767634293,-0.10206219573138965,0.08249846380654563,0.18456065953793527,-0.003675444323161501,0.039139836223790574,0.029940325602757688,-0.0009680565919967555,0.0294027992331136,-0.08028163598637333,0.10477520407107825,0.1850568400574516,-0.0028032622241312487,0.03881866921675653,0.029369712079492453,0.9972133569260511,0.029726241419288566,0.892273833259001,1.0842169600597644,0.19194312680076342,0.99716421692368,0.03793599960174088,0.9976548416975409,0.9980955688906681,0.02970459253351917,0.8936914083084035,1.0844868622196937,0.19079545391129016,0.99808224790337,0.03839067919406247,0.9985360215071746,1.3320987298111782e-05,0.02970459253351917,-0.10439083959496642,0.08640461431632374,0.19079545391129016,0.0,0.038390679194062416,0.02965504654589441,0.0008660808977599769,0.3537073809396469,-0.975918670505358,1.004766165891997,1.980684836397355,0.012225660549431416,0.47535003944149445,0.3531184386616884,0.13191383756889402,0.23333333333333334,0.8561180139258971,18.70380564380784,3.533333333333333,0.8078038640768056,1.044053711619797,0.91,0.0,0.04393511528187717,-0.06927269909458744,-0.10176155317655185,0.0,0.0008333333333333334
participant-05,demo-session-segment-0,2026-01-05 12:06:15+00:00,2026-01-05 12:06:44.900000+00:00,2.0,2026-01-05 12:07:59.900000+00:00,0,70.03967446745953,2.425203868313436,66.14363181026657,74.02326464384376,7.87963283357719,69.75536382399405,5.122959273892178,70.0815097435211,-0.26846307976526884,0.09563819417901565,0.20380853366090632,0.0013382885067479155,0.02852587781358395,-0.10206219573138965,0.08249846380654563,0.18456065953793527,0.0010994602689035982,0.03553244030943216,0.028509722940534332,-0.00019788939140789232,0.027538896540540116,-0.07428521358891285,0.07496702438265337,0.14925223797156623,0.0004855658501093942,0.033844902972806526,0.02749367224422562,0.9987073465546045,0.028943552732829343,0.913225239156708,1.0673238409742096,0.15409860181750168,1.0008314597747887,0.03967341442679451,0.9991252678599019,0.9994926468485176,0.028935219206342892,0.9136179708108015,1.0690676252128475,0.15544965440204594,1.0013851510538148,0.03911778289029144,0.9999099995458289,-0.0018925042052971872,0.028935219206342892,-0.08776718024301322,0.06768247415903272,0.15544965440204594,0.0,0.039117782890291414,0.028948880110483004,0.000492386245953372,0.34936736576634403,-0.975918670505358,1.0211656380187184,1.9970843085240764,0.018818598521302965,0.4313336726099179,0.3487849483361553,0.1251687884772567,3.5,0.8726649132706293,18.247643384030805,3.5,0.8113248597633617,1.04323139456473,0.9,0.0,0.10317820655744793,-0.07598428677453424,-0.06818750813580583,0.0,0.0008333333333333334
participant-05,demo-session-segment-0,2026-01-05 12:06:30+00:00,2026-01-05 12:06:59.900000+00:00,2.0,2026-01-05 12:07:59.900000+00:00,0,68.0249629675096,1.0907902811600756,66.1050867361038,70.06033795893158,3.9552512228277834,67.95143910719104,1.9038690135568146,68.03367874876677,-0.0009520806588246217,0.08651909417885957,0.1702082944255569,0.0005799814042220144,0.02737518379290405,-0.09310465863796298,0.0760116114334863,0.16911627007144928,-0.001285286554219636,0.03452176214043465,0.027335673831683796,-0.0024781554418097478,0.026348447142797663,-0.07428521358891285,0.06440279573443428,0.13868800932334713,-0.0029770380549909298,0.03363043828150594,0.02642097245890944,0.9981817623734467,0.028018856880521432,0.913225239156708,1.0749099290250594,0.1616846898683515,1.00062360463907,0.03751522436123378,0.99857361782764,0.9989073332119752,0.02795212210181127,0.9136179708108015,1.0775463848064477,0.16392841399564617,1.0010635074815355,0.03715367061049635,0.9992970414600896,-0.0021561742695602668,0.02795212210181127,-0.08744553667073396,0.07648287732491221,0.16392841399564617,0.0,0.03715367061049643,0.027988672953690237,0.0001787454132666418,0.32644363214859173,-0.9181009863357781,1.0211656380187184,1.9392666243544965,0.006817571273587952,0.46407317896042605,0.3258991542952921,0.11680771393645706,0.06666666666666667,0.8679810965731033,15.931581168595688,2.7666666666666666,0.827032064869587,1.0408583747147304,0.9166666666666666,0.0,-0.09875625869709809,-0.012904346086086697,0.0162285847028595,0.0,0.0
participant-05,demo-session-segment-0,2026-01-05 12:06:45+00:00,2026-01-05 12:07:14.900000+00:00,2.0,2026-01-05 12:07:59.900000+00:00,0,69.64511627357192,1.913697692330095,66.1050867361038,73.18292763587277,7.077840899768972,69.49319302646413,2.5235551096381528,69.67131584916508,0.21497416123022903,0.08836069241066374,0.16799552811857213,-0.0006717921900193469,0.028104562095426753,-0.09310465863796298,0.0760116114334863,0.16911627007144928,-0.0027741629611483395,0.03671413636125791,0.02806572335228538,-0.002204053748465128,0.025779348541422272,-0.06760127188499142,0.08121807236180374,0.14881934424679516,-0.0009606624135969101,0.03543409363101463,0.02583055196420549,0.9986680502023614,0.02753513221809026,0.9241285491977701,1.0749099290250594,0.15078137982728934,0.9989199097963357,0.035473801347270406,0.9990463105997138,0.9993970671478801,0.0275037572594989,0.9253046907162132,1.0775463848064477,0.15224169409023447,0.9996170827412629,0.03490410834389979,0.9997741909876262,-0.00022001559338285034,0.0275037572594989,-0.07431239202504969,0.07792930206518478,0.15224169409023447,-5.551115123125783e-17,0.03490410834389987,0.027458760861325694,0.00045965270620896393,0.3257652559073152,-0.891368106912549,0.863535229347473,1.754903336260022,-0.02142812509760672,0.4854053399147176,0.3252221854319203,0.11309064357594326,0.03333333333333333,0.8732941014465267,15.865706861054123,3.7333333333333334,0.8172311074699246,1.0414220618172643,0.93,0.0,-0.06395396156876657,0.06620016223303933,0.026669172491766428,0.0,0.0
participant-05,demo-session-segment-0,2026-01-05 12:07:00+00:00,2026-01-05 12:07:29.900000+00:00,2.0,2026-01-05 12:07:59.900000+00:00,0,71.60775025316107,1.2930218191046507,69.05515261542008,73.83564935781169,4.780496742391605,71.937258992964,2.4747549919128318,71.61938444810657,0.04138371844970033,0.09806502591690307,0.1839595431670341,0.0006880899083408697,0.028879867220879905,-0.08103621770549424,0.08562289847743104,0.16665911618292528,0.002222012808591788,0.039393436534510655,0.028839903651861055,0.002816416471528584,0.02783100458904338,-0.0656158171711781,0.10084489495750729,0.1664607121286854,0.002679776309594384,0.03812959945336361,0.02792696072713606,1.001472141332023,0.028241321814250035,0.9308378265965997,1.086646858820168,0.15580903222356834,0.9992728859658856,0.03823298070406156,1.0018689353142807,1.0022758528307127,0.028262983076498587,0.9319835799175645,1.087095841024853,0.15511226110728848,1.0001136719852433,0.03753608539201381,1.0026729370666556,0.002162180845469508,0.028262983076498584,-0.06813009206767873,0.08698216903960976,0.15511226110728848,1.1102230246251565e-16,0.037536085392013724,0.028298561524389997,0.0006540797138569314,0.3339837375659173,-0.891368106912549,0.863535229347473,1.754903336260022,0.0026234137064451435,0.39607403237243183,0.3334272749125011,0.11942034777569513,1.4333333333333333,0.8773496191586188,16.676367321652002,3.6999999999999997,0.8091688288206674,1.0473736527131567,0.92,0.0,0.04275830327710965,0.04896553696349335,-0.007403334983867578,0.0,0.0016666666666666668
participant-05,demo-session-segment-0,2026-01-05 12:07:15+00:00,2026-01-05 12:07:44.900000+00:00,2.0,2026-01-05 12:07:59.900000+00:00,0,69.99177968573781,2.283815945401056,66.55374988186871,73.83564935781169,7.2818994759429785,69.74257289134944,4.429889441864503,70.02890583750698,-0.25155310019058,0.10181443354248239,0.20253352431324234,0.00016278530844298812,0.02949524410342608,-0.08916883808805821,0.08562289847743104,0.17479173656548924,0.00025690334147101136,0.03938390570707771,0.02944649428531236,0.0026495734578853903,0.030111899366456345,-0.08860646200499499,0.10084489495750729,0.18945135696250226,0.0034411765717033966,0.03995450238246893,0.03017820904813283,1.0027448668734,0.02843390540340446,0.9303086284438876,1.086646858820168,0.15633823037628047,1.0025568303028725,0.03814926030833943,1.003146579548998,1.0036316815218662,0.02840806741886353,0.9307923505021634,1.087095841024853,0.15630349052268966,1.0031867407703392,0.03805857815608449,1.0040323104302478,0.00044494075152692327,0.02840806741886353,-0.07239439026817585,0.08390910025451381,0.15630349052268966,-1.1102230246251565e-16,0.03805857815608449,0.02836417116302683,-0.001599493846154861,0.32190188171116796,-0.9713176485532349,1.0076487603565742,1.9789664089098091,0.022481348578190508,0.38723211932467944,0.32136891120889505,0.12064923528562228,3.033333333333333,0.8497909516325554,15.491683993254561,3.033333333333333,0.809878503258385,1.0506642293309323,0.92,0.0,0.01033679220232757,-0.0989935041934723,-0.028887885962675348,0.0,0.0016666666666666668
participant-05,demo-session-segment-0,2026-01-05 12:07:30+00:00,2026-01-05 12:07:59.900000+00:00,2.0,2026-01-05 12:07:59.900000+00:00,0,68.05816279019511,1.022210653107808,65.44067054028392,69.93712756399722,4.496457023713305,67.84370384702831,1.4437177747073235,68.06581340105542,0.01076666041940348,0.10122881338309196,0.21285214787979476,0.000270857077999922,0.0297363295524493,-0.12710696038316577,0.11311869946545378,0.24022565984861954,9.56932397535356e-06,0.039032795556950065,0.02968796323693717,-0.00023085808856487645,0.029714454530756322,-0.08860646200499499,0.09680304851289187,0.18540951051788684,-0.0008051376254367176,0.03856028059338974,0.02966578737913265,1.0025809369400296,0.029011933056270485,0.9303086284438876,1.0834992641967314,0.15319063575284375,1.0033880608620853,0.04090843961025725,1.0029992132271808,1.003462470164397,0.02889133385286264,0.9307923505021634,1.0840053278607882,0.15321297735862482,1.0042309549899966,0.03984400399754029,1.0038769126921512,-0.0007684848255994696,0.02889133385286264,-0.07343860448783324,0.07977437287079159,0.15321297735862482,1.1102230246251565e-16,0.03984400399754032,0.02885337721686582,-0.0002443337773815927,0.32981500403562647,-0.9713176485532349,1.0076487603565742,1.9789664089098091,0.012733756478797709,0.4284427043377992,0.3292649441757478,0.12478911584356638,0.6666666666666666,0.8482662561575154,16.262311555911815,2.8666666666666667,0.8055987783804056,1.0490972708607254,0.9033333333333333,0.0,-0.04203928532449926,-0.09410926521988296,-0.029656294785005467,0.0,0.0
participant-06,demo-session-segment-0,2026-01-06 12:00:00+00:00,2026-01-06 12:00:29.900000+00:00,2.0,2026-01-06 12:03:04+00:00,0,71.75311740498594,1.2635521410915973,64.51417005585155,73.61670439557757,9.10253433972602,72.0790793578245,1.5975724855467064,71.7642048619429,-0.008259299917592014,0.10806643517981425,0.2565963724808556,4.834676573442997e-05,0.028317689392320884,-0.09042285718211156,0.07475467689009059,0.16517753407220215,0.0028390423510598123,0.03958549660613159,0.028270495187644896,-0.0007573828815920582,0.025958875714445724,-0.09201860022657171,0.07327230334165516,0.16529090356822687,-0.0018750450879769405,0.03129936095244926,0.02592663970564206,0.999916892491705,0.02901614924196905,0.9181819505415715,1.099336625877641,0.18115467533606944,0.9974429576831838,0.037723921811454786,1.0003364045913306,1.0006518474633626,0.02903487805950736,0.9221707227673852,1.1011126670309752,0.17894194426359,0.9981731413666102,0.03830471959778825,1.0010715927920895,0.0024787060967523212,0.02903487805950736,-0.07600241859922496,0.10293952566436504,0.17894194426359,-5.551115123125783e-17,0.03830471959778839,0.02909223345439073,-0.0014300071879903402,0.3458620828283235,-0.9149073195065427,1.1075685799625379,2.0224758994690806,-0.01027503095569593,0.504789175999088,0.3452881260499835,0.12603459495934877,0.4666666666666667,0.8908007221680075,17.883473226442643,3.6,0.8383695034846014,1.0431369120064757,0.9233333333333333,0.0,-0.0982871121913073,-0.0699110455325322,-0.028271847598162606,0.0,0.0016666666666666668
participant-06,demo-session-segment-0,2026-01-06 12:00:15+00:00,2026-01-06 12:00:44.900000+00:00,2.0,2026-01-06 12:03:04+00:00,0,70.05254295362693,2.021081475793187,66.67520497261394,73.61670439557757,6.941499422963631,69.8050447504391,3.5253916161661323,70.08159479278733,-0.22877089126995367,0.09451658236457318,0.17383402522331254,-0.0001739021138648907,0.02897849067179414,-0.08988153346327082,0.07607612412725319,0.165957657590524,0.0014397908950199215,0.04035221766048163,0.02893067553921067,0.0023313526897873063,0.024859715297888545,-0.06406507617313753,0.07327230334165516,0.1373373795147927,0.0022244463850956053,0.033951880999446585,0.024927507534995928,1.0004605447136818,0.028961744893130005,0.9188080754867365,1.0880921765467244,0.16928410105998792,1.0009348065995198,0.0399622684336578,1.0008782584579543,1.001189489947905,0.02894912081677682,0.9206659447090249,1.0905739345946208,0.16990798988559597,1.0014811275596316,0.03965676233564863,1.0016065359575534,-0.00029163761172684304,0.028949120816776818,-0.08081518285060674,0.08909280703498923,0.16990798988559597,0.0,0.03965676233564852,0.02890230342447986,0.0021976834320493297,0.3489026912853034,-0.9149073195065427,1.1075685799625379,2.0224758994690806,-0.04006269635998927,0.4849611844724194,0.3483276343310152,0.12529523635185247,0.8,0.8807021318752819,18.199680518832107,3.433333333333333,0.8275476324772599,1.044011164986803,0.9166666666666666,0.0,-0.04599998336453958,0.018309718939846537,-0.020531869879737836,0.0,0.0016666666666666668
participant-06,demo-session-segment-0,2026-01-06 12:00:30+00:00,2026-01-06 12:00:59.900000+00:00,2.0,2026-01-06 12:03:04+00:00,0,68.21242546295265,1.081255232407893,66.65624333900529,70.06441133201596,3.4081679930106787,68.18711213908672,2.0770809181250343,68.22096601026371,-0.011205532727270673,0.10249614617660446,0.18783262374072476,0.0027257907457761,0.029453869151055363,-0.08988153346327082,0.07607612412725319,0.165957657590524,0.00466351943220455,0.03846876097245944,0.029530807221115566,0.002288534687379168,0.026755431262618114,-0.07280684845943891,0.08858424379098354,0.16139109225042245,0.0015100334755912886,0.03437888393591205,0.026808661213443528,1.0014062249186941,0.027164507877978222,0.9188080754867365,1.069728391874977,0.15092031638824044,1.002408147108437,0.03706597291442826,1.0017733666316626,1.002201412971952,0.02711881735859544,0.9206659447090249,1.0703804776056867,0.1497145328966618,1.003093484603645,0.03711735192017307,1.0025670306686347,-0.0008920716316928101,0.027118817358595445,-0.08242753989462015,0.06728699300204166,0.1497145328966618,1.1102230246251565e-16,0.0371173519201731,0.027088274447476943,0.000139723429865141,0.32451457831369473,-0.91594860868497,0.9906845346348625,1.9066331433198325,-0.03633972082794146,0.43894865797123317,0.32397329934573044,0.10995090084038119,3.4,0.8607076473287195,15.74529767057347,3.4,0.7908111711644428,1.046178226327543,0.9366666666666666,0.0,-0.023561376721033395,0.06835130302944227,-0.011048562731679321,0.0,0.0016666666666666668
participant-06,demo-session-segment-0,2026-01-06 12:00:45+00:00,2026-01-06 12:01:14.900000+00:00,2.0,2026-01-06 12:03:04+00:00,0,69.95299226192566,2.2295016943773636,66.65624333900529,73.92632494749583,7.270081608490543,69.92103808426273,4.27468156519366,69.98839357547968,0.24685064950439897,0.1166045095399085,0.22591630486916384,0.004091648087489531,0.027116339069302525,-0.08116766932790301,0.07453824628389452,0.15570591561179753,0.0023552255001230006,0.03512185947451088,0.027378576340723687,0.0011118608190388121,0.030804157048765542,-0.09742985966155802,0.09543570039122662,0.19286556005278466,1.6336034329794908e-05,0.04016599307945026,0.030772866928421027,0.9999273207099786,0.02731788720034948,0.9015912094823361,1.078373967798008,0.17678275831567192,1.0002236961216142,0.034512355933790095,1.0002991683025586,1.0007763299507344,0.027280028686181915,0.9017133548788044,1.079411634022551,0.17769827914374658,1.0012872125552246,0.03462406405941065,1.0011468333307705,-0.000510882604490193,0.027280028686181915,-0.09957385767642013,0.07812442146732645,0.17769827914374658,0.0,0.0346240640594106,0.02723931532920904,0.00042333119330235496,0.3186599888912145,-1.089846220112084,1.1060521921923339,2.195898412304418,-0.004603272861070651,0.40824606466019736,0.31812872724896707,0.11125955243611715,1.0666666666666667,0.8382627965330394,15.181813138502191,3.8,0.8093989644814432,1.045503723815218,0.9233333333333333,0.0,0.014651053707578925,0.007612872510173725,-0.06965693420112153,0.0,0.0016666666666666668
participant-06,demo-session-segment-0,2026-01-06 12:01:00+00:00,2026-01-06 12:01:29.900000+00:00,2.0,2026-01-06 12:03:04+00:00,0,71.99997842767513,0.9967002425456452,69.76893598556266,73.92632494749583,4.157388961933165,72.31206017558485,1.3360699686732005,72.00685379592646,0.02391990829674787,0.1330822332584955,0.24684920842401267,0.00012672052806526614,0.02741641532959848,-0.08116766932790301,0.06802463550721818,0.1491923048351212,-3.3119357204114235e-05,0.037053668387128355,0.02737097650527274,0.000710309123599156,0.029516804552514764,-0.09742985966155802,0.09543570039122662,0.19286556005278466,1.2282494022392834e-05,0.03241688736704427,0.029476128491924672,1.0016281390194108,0.02937026316370824,0.9015912094823361,1.0820045573714792,0.1804133478891431,1.000800579101928,0.03518162154688109,1.0020572168590303,1.0024365286394608,0.029335182358468402,0.9017133548788044,1.082711276031414,0.1809979211526095,1.00168599284988,0.035806337305219094,1.0028642372549688,0.0007505357895807019,0.029335182358468402,-0.09997263797107558,0.0810252831815339,0.1809979211526095,0.0,0.035806337305219066,0.029295865207045094,-0.00041249917222689446,0.34274451871106393,-1.089846220112084,1.1060521921923339,2.195898412304418,-0.015874319818951488,0.45386612304609747,0.3421730496571742,0.12865390289505113,2.2333333333333334,0.8523304840644038,17.56263059113256,2.2333333333333334,0.8198450555586237,1.0461393011439835,0.9066666666666666,0.0,-0.02789522325444605,0.07523233264832876,-0.05549739749714734,0.0,0.0008333333333333334
participant-06,demo-session-segment-0,2026-01-06 12:01:15+00:00,2026-01-06 12:01:44.900000+00:00,2.0,2026-01-06 12:03:04+00:00,0,70.34678672671585,1.9637550424989851,67.30633969017175,73.09312741892333,5.786787728751577,70.560853175149,3.7750005086785023,70.3740995124965,-0.2197466932635896,0.10903021344606235,0.19553500980864463,-0.001454584753987843,0.028195910795509604,-0.07441856711791925,0.07421624143841517,0.14863480855633443,-0.0007196002679448277,0.03824974313335648,0.028186435941948647,0.002268029321806381,0.028469110535696455,-0.09098325136928562,0.07199996420725081,0.16298321557653644,0.002968829958980856,0.03540929958656852,0.02851197252937727,1.0020698023375183,0.030308305082097867,0.9217484677949498,1.1049304048474815,0.18318193705253172,1.0008060598701112,0.039290652938314574,1.0025265184202592,1.0028721482172032,0.03028762147697348,0.9222735733361082,1.1064746584385534,0.18420108510244526,1.0020447212730652,0.040087916701882165,1.003327876561033,0.000827426944138148,0.03028762147697348,-0.07977114793695705,0.1044299371654882,0.18420108510244526,0.0,0.04008791670188219,0.030248418967463456,0.0005698007073938993,0.3715869736922092,-0.9391962946999877,1.2322336014393243,2.171429896139312,-0.024628487193920634,0.53128150976286,0.3709675827173963,0.13714240579646955,0.6666666666666666,0.8757434614552506,20.642647278488184,3.466666666666667,0.8330557706779609,1.0472167427111314,0.9133333333333333,0.0,-0.03950726185050537,0.04582796910611158,0.028726429188870296,0.0,0.0
participant-06,demo-session-segment-0,2026-01-06 12:01:30+00:00,2026-01-06 12:01:59.900000+00:00,2.0,2026-01-06 12:03:04+00:00,0,68.26985719624184,1.0618473419972312,66.23461710370813,70.560853175149,4.326236071440874,68.14189210678813,1.435421787704911,68.27808698970483,-0.017008856549620633,0.11134519913845518,0.230523907284743,0.000405484443557612,0.028531613767207576,-0.07441856711791925,0.07421624143841517,0.14863480855633443,-0.00020858534823802117,0.03810742819627398,0.028486907375983663,0.0015562997226165728,0.0279215311523966,-0.08148370063042495,0.08536195005607179,0.16684565068649676,0.0012982928420162143,0.03842138379441739,0.027918367867431345,1.0008376107394519,0.02879302242994364,0.9250481422698525,1.1049304048474815,0.17988226257762896,1.0004633538635037,0.03547017929909546,1.0012503172288323,1.001631431412297,0.028816322611477707,0.926228075305754,1.1064746584385534,0.1802465831327994,1.0018396988680092,0.03539609906411545,1.0020444785073497,-0.00020826745571216886,0.028816322611477707,-0.07561162356225515,0.10463495957054425,0.1802465831327994,0.0,0.03539609906411548,0.028769009182666932,0.0008195823219165432,0.35885029398631973,-0.9391962946999877,1.2322336014393243,2.171429896139312,-0.034677042046072915,0.49696435412669493,0.35825264841673343,0.12414382049452286,2.3,0.8813381758691721,19.251961641573565,3.7333333333333334,0.8032266330066783,1.0459477373730894,0.9333333333333333,0.0,0.053423342740710526,-0.03704001309768933,0.03412674622546954,0.0,0.0016666666666666668
participant-06,demo-session-segment-0,2026-01-06 12:01:45+00:00,2026-01-06 12:02:14.900000+00:00,2.0,2026-01-06 12:03:04+00:00,0,69.91826791543004,2.2563506951000503,66.23461710370813,73.76751507234249,7.532897968634359,69.69969462561382,4.025051927246935,69.95454478701342,0.25516606953087534,0.11215709362583147,0.23901744878005193,0.002857796299803043,0.027787096499319656,-0.06616212101901897,0.07147112998269717,0.13763325100171614,0.002913803152555496,0.03711553615036419,0.027887559755455996,0.0011511248493559405,0.026473020183347067,-0.07124625332395934,0.08536195005607179,0.15660820338003112,0.001009415669908521,0.036764248661041034,0.02645391874035451,1.0026543920475648,0.02884712120287643,0.9232059307154823,1.1084471875009787,0.1852412567854964,1.001494514146121,0.036866910803895925,1.003067900213786,1.0033892775527207,0.028904686014614663,0.9235790426040524,1.109915119149612,0.1863360765455595,1.0017947907387634,0.036937109243945554,1.0038041334070749,0.0015944868139571126,0.028904686014614663,-0.078215748134711,0.10812032841084851,0.1863360765455595,0.0,0.03693710924394564,0.02890049005740212,0.001683897254046026,0.346788503336133,-0.9250620711622115,1.1563797440508217,2.081441815213033,-0.008272386569944112,0.44531532302907545,0.346214135089721,0.12490572864938496,0.3,0.8857918396807696,17.97921508072042,3.8666666666666667,0.8293634362008399,1.0463338672365565,0.91,0.0,0.1332021161858362,-0.0322639980951436,-0.023258040717672304,0.0,0.0025
participant-06,demo-session-segment-0,2026-01-06 12:02:00+00:00,2026-01-06 12:02:29.900000+00:00,2.0,2026-01-06 12:03:04+00:00,0,71.99674376969618,0.9504000940595542,69.62835514134643,73.76751507234249,4.139159930996058,72.07112609619993,1.4101989588298522,72.00299551345262,0.030486481818022992,0.10072827809897045,0.19053703457019053,0.0021730956986215307,0.02914384418163838,-0.0881563384684474,0.07434061342669396,0.16249695189514135,0.0008211869016707144,0.04150265613863105,0.0291762709478103,0.00024272510571137968,0.02875789569724644,-0.06699007075726919,0.081439125236846,0.1484291959941152,0.00019341911394235947,0.03909417517850276,0.028710951891700413,1.0019822226622512,0.02998953206196961,0.8793873784680066,1.1084471875009787,0.22905980903297207,1.0003980310912126,0.03773005015926456,1.0024294232801148,1.00281877449755,0.02996365219270063,0.8824171613993754,1.109915119149612,0.2274979577502365,1.0010561072736903,0.03687896663313539,1.003264831538837,0.0017626672238598067,0.02996365219270063,-0.1186389458743149,0.10885901187592162,0.2274979577502365,0.0,0.036878966633135335,0.029965558790464523,-0.0028863372210898917,0.36651654269875317,-1.0395671797763373,1.1563797440508217,2.195946923827159,-0.012273536552642184,0.4528638361648693,0.3659165557348123,0.13422570247938878,2.6,0.8699098821130784,20.083099310988604,3.6666666666666665,0.8139355135319926,1.0482487716403668,0.8966666666666666,0.0,0.019353614483934214,0.06986259903168068,-0.029045102584739527,0.0,0.0008333333333333334
participant-06,demo-session-segment-0,2026-01-06 12:02:15+00:00,2026-01-06 12:02:44.900000+00:00,2.0,2026-01-06 12:03:04+00:00,0,70.06068901844559,2.2599814182172113,66.24551493253439,73.33318308749881,7.087668154964419,70.35383563591041,4.396273729500962,70.09700875712642,-0.25021292940439527,0.10993925542974721,0.20414026685267825,0.0003426735712806561,0.028189828525523167,-0.0881563384684474,0.08497185636013743,0.17312819482858482,-0.000848544650554794,0.03536005480125726,0.028144892420600802,-0.0013341213501615707,0.030752842350786274,-0.08119102688016433,0.081439125236846,0.16263015211701032,-0.0007103883600246457,0.04110820044602087,0.030730517970259295,1.002828349409124,0.029570569553229165,0.8793873784680066,1.0926847875029213,0.21329740903491468,1.0023781664764224,0.03800948160540263,1.0032627782558854,1.003694113211249,0.029559118975451087,0.8824171613993754,1.093057641493442,0.21064048009406666,1.0034721631272108,0.03804320690203389,1.0041278314725695,0.0002219500840382153,0.029559118975451087,-0.12105500172783534,0.08958547836623132,0.21064048009406666,0.0,0.03804320690203383,0.029510647311255772,-0.000647823368965789,0.3533653207087278,-1.0395671797763373,1.1011511025953524,2.1407182823716897,-0.00803406751062774,0.4386691813924623,0.3527764817205093,0.13062664824472284,1.7333333333333334,0.8750320215924859,18.668123178953934,3.6333333333333333,0.8333757420735819,1.0490403342157992,0.9166666666666666,0.0,-0.03343432031094031,0.15850361075849928,-0.08398622432915763,0.0,0.0025
participant-06,demo-session-segment-0,2026-01-06 12:02:30+00:00,2026-01-06 12:02:59.900000+00:00,2.0,2026-01-06 12:03:04+00:00,0,68.0080478904416,0.8544750698045377,66.24551493253439,70.35383563591041,4.108320703376023,67.73731673554016,1.1958920491249074,68.0133977371716,-0.002343903928548235,0.09132457017719713,0.1730023443394711,-0.0009350683487828754,0.025294613498593032,-0.0882123786019264,0.08497185636013743,0.17318423496206384,-0.0013670488882049137,0.03358942547434986,0.025269726946551867,-0.0011110470647313516,0.027911416538315553,-0.08119102688016433,0.07584419604975096,0.15703522292991529,-0.00036623482656956497,0.03519420691072699,0.027887000104794685,1.0009423652506795,0.030622361349981628,0.9187130470227116,1.0850443597314976,0.16633131270878598,1.000110777066077,0.040139848544186285,1.0014091180955422,1.0016481187458508,0.03066997528311708,0.9191943719698713,1.0853535997480974,0.16615922777822612,1.0006478885081018,0.041222557408821636,1.0021159941242779,0.0010002302377490366,0.03066997528311708,-0.08145351653823052,0.0847057112399956,0.16615922777822612,0.0,0.041222557408821664,0.030635148981455324,-0.0020034235568841866,0.35746808477561204,-0.891196604427259,0.9564203293560858,1.8476169337833448,0.009084115691292971,0.42558868601829836,0.356877430733553,0.14063178319893013,1.7,0.877326755378363,19.104030320080575,3.6999999999999997,0.8223521089434518,1.0422939578538335,0.8933333333333333,0.0,0.024631444879349335,0.06828855821730424,-0.03164833660759179,0.0,0.0025
participant-06,demo-session-segment-0,2026-01-06 12:02:45+00:00,2026-01-06 12:03:14.900000+00:00,3.0,2026-01-06 12:07:59.900000+00:00,0,70.02299053773801,2.2196895098777363,67.25629898725872,73.58851010017203,6.332211112913313,69.67082318818207,4.520524006599871,70.0580459473667,0.2464177868787452,0.1230672391088187,0.2504119306395526,-0.0005855718595939732,0.027979613536917844,-0.09856283883450784,0.08983166849808835,0.1883945073325962,-0.0022934810553164337,0.03647796768984822,0.02793907906199559,-0.0021202016749817974,0.026826771841290033,-0.08635240720731366,0.07178099485756723,0.15813340206488088,-0.002055818449035177,0.03482632615667029,0.02686581514879355,1.0004800634749598,0.03234761821467706,0.910957930366225,1.0934656610040068,0.1825077306377818,0.9994938518195694,0.03994237705632975,1.0010011178417042,1.001229614960464,0.03237830638950436,0.9114224483413302,1.0953261537233474,0.18390370538201717,0.9999946198195424,0.040847811614727836,1.0017512675723366,0.0012349951409216164,0.03237830638950436,-0.08857217147821217,0.095331533903805,0.18390370538201717,-5.551115123125783e-17,0.040847811614727864,0.03234788125831237,0.0015449081045435476,0.39025124677015366,-0.9512095249628127,1.137396595867216,2.088606120830029,0.02372011193552348,0.4668162649193522,0.38960334815641917,0.15673299628695075,2.2,0.8816382721057182,22.768694266338684,3.6333333333333333,0.8069168693097678,1.0435013978560024,0.8633333333333333,0.0,0.020310188448515797,-0.03991800653779598,0.084900356215137,0.0,0.0
participant-06,demo-session-segment-0,2026-01-06 12:03:00+00:00,2026-01-06 12:03:29.900000+00:00,3.0,2026-01-06 12:07:59.900000+00:00,0,71.90806544989549,1.1542844697363235,69.48973730709551,73.58851010017203,4.09877279307652,72.06430086682039,1.7009435505423909,71.91729839295552,-0.0029149377673363926,0.1275841151992605,0.2578643010005148,0.0023122659088643505,0.030015302253202685,-0.09856283883450784,0.10343897917353409,0.20200181800804193,0.00028612863522293683,0.0394998765240375,0.03005431552628075,-0.0022147044108363494,0.029082192244231968,-0.08635240720731366,0.07178099485756723,0.15813340206488088,-0.002519535119512493,0.038822668622603126,0.02911802835024049,1.0012928634385347,0.030933180237660084,0.9057980570425643,1.0934656610040068,0.18766760396144244,1.0012795633261349,0.03997091181507628,1.0017689706083717,1.0021653535626371,0.03098380280043892,0.9063856718793268,1.0953261537233474,0.18894048184402057,1.0020829385217762,0.04107828890302312,1.00264260428655,8.241504086092699e-05,0.03098380280043892,-0.09569726664244937,0.0932432152015712,0.18894048184402057,0.0,0.041078288903023036,0.03093222981663072,0.0012933433037577923,0.38362800179486906,-1.164750201404816,1.137396595867216,2.302146797272032,0.005992605184393374,0.4692629545840901,0.3829902718766562,0.1435227137482491,3.533333333333333,0.8658628757240756,22.002402687535135,3.533333333333333,0.8050810975511772,1.0480328886608712,0.8833333333333333,0.0,0.010619659778090589,0.004702197259949037,0.01810972715374989,0.0,0.0008333333333333334
participant-06,demo-session-segment-0,2026-01-06 12:03:15+00:00,2026-01-06 12:03:44.900000+00:00,3.0,2026-01-06 12:07:59.900000+00:00,0,70.00561832031292,2.0718368926795554,66.44522092031579,73.26566805460327,6.820447134287477,69.70563412821042,3.6177260290182858,70.0361677717937,-0.2307705918767175,0.09298271604466689,0.16951614565391096,0.0027224703052856312,0.02922992907402645,-0.10629734220323778,0.10343897917353409,0.20973632137677187,0.0019424769679804307,0.03702815399476357,0.029307893744237864,-0.0008169469342880681,0.030130652548194525,-0.08514188878538871,0.1036296638910036,0.1887715526763923,-1.9295439803398897e-05,0.039175697876718485,0.03009148447424172,0.9985084168370069,0.028862329965980864,0.9057980570425643,1.074535233532307,0.16873717648974274,1.0009903423576474,0.03983255434070343,0.9989240790996617,0.9993914206766241,0.028867489148730715,0.9063856718793268,1.0767519435956536,0.1703662717163268,1.0021621220874855,0.0406835385454124,0.9998068642886456,-0.0027707014108612027,0.02886748914873072,-0.09577645020815861,0.07458982150816817,0.1703662717163268,0.0,0.04068353854541243,0.0289522182735807,-0.0016097464496640911,0.35036639555078447,-1.164750201404816,1.079544308293905,2.244294509698721,-0.0020814924267564816,0.44565634710106217,0.349785668247157,0.12458605723994093,0.36666666666666664,0.8579349732125445,18.352324806329463,2.7666666666666666,0.8034371381937323,1.04504884272255,0.9133333333333333,0.0,0.030095614198614486,-0.005929464579145688,0.030389814112983964,0.0,0.0008333333333333334
participant-06,demo-session-segment-0,2026-01-06 12:03:30+00:00,2026-01-06 12:03:59.900000+00:00,3.0,2026-01-06 12:07:59.900000+00:00,0,68.27598921545919,1.0364808898781048,66.44522092031579,70.72936438749825,4.28414346718246,68.24008336676238,1.6362847767675675,68.28382982089633,0.01248938313020714,0.11572026833679937,0.2064825659804976,0.0005497687268663615,0.029541325037895978,-0.10629734220323778,0.10710041475330404,0.2133977569565418,0.0003985189377260969,0.037881100974853164,0.0294971721418231,-0.0016127747218674022,0.030169317370554047,-0.08166051510916833,0.1036296638910036,0.18529017900017192,-0.001217518529823507,0.039155812636012644,0.030162141732200616,0.9970575063971417,0.03026995681403394,0.9090253827196727,1.0969742682916412,0.18794888557196854,0.9976624238654056,0.038958083601922544,0.9975153568312244,0.9979494886163887,0.030275378960825765,0.9093119317963287,1.0981847969929122,0.18887286519658342,0.9982585701816038,0.03953900960425272,0.9984070938611979,-0.0003090815652150998,0.030275378960825765,-0.08894663838527506,0.09992622681130836,0.18887286519658342,5.551115123125783e-17,0.039539009604252884,0.030226458179297627,-0.0002649640747397745,0.35756682242987636,-1.0938478337700386,1.376039420743157,2.4698872545131954,0.004319080584980761,0.47848690498590585,0.35697047861163195,0.13703167881699013,0.36666666666666664,0.8675205371983105,19.114208417837435,3.3666666666666667,0.8108212819021638,1.0433585128657399,0.9,0.0,0.03885959930332834,-0.0923204987651081,0.11333128223008981,0.0,0.0
participant-06,demo-session-segment-0,2026-01-06 12:03:45+00:00,2026-01-06 12:04:14.900000+00:00,3.0,2026-01-06 12:07:59.900000+00:00,0,69.89353243182525,1.877427210172446,66.7258439928451,73.05158634821272,6.325742355367623,70.0319779334738,3.548354063582522,69.91865888028988,0.20775444247002142,0.10047830763545809,0.1875650364337996,-0.001862820211225824,0.030050041416489353,-0.11702300975516733,0.10710041475330404,0.22412342450847136,-0.0028377189340935277,0.03931137713538366,0.030057695714103477,-0.0031251268186977556,0.029205083350205635,-0.07842997735468057,0.08022709950064036,0.15865707685532093,-0.002905776008573232,0.03471909724716263,0.02932337272803206,0.9978816799369128,0.03054251853520966,0.9138126565362511,1.0969742682916412,0.18316161175539014,0.9976624238654056,0.0390975936693132,0.9983474260533725,0.998766059313874,0.03050194022807394,0.9138565445835697,1.0981847969929122,0.18432825240934247,0.9985566238331223,0.038688394914013546,0.9992301578551274,0.00020943548075166038,0.030501940228073943,-0.08470007924955258,0.09962817315978989,0.18432825240934247,5.551115123125783e-17,0.0386883949140136,0.0304517814427772,1.5149192303226162e-05,0.3653140391425299,-1.0938478337700386,1.376039420743157,2.4698872545131954,0.00042725638576823766,0.4773232967877214,0.364704674497251,0.13909090286964565,2.7,0.8675532343138903,19.951751523612533,2.7,0.8034334067889068,1.0439168914840389,0.89,0.0,0.002267862758220616,0.022988240611230892,0.10700083577506087,0.0,0.0016666666666666668
participant-06,demo-session-segment-0,2026-01-06 12:04:00+00:00,2026-01-06 12:04:29.900000+00:00,3.0,2026-01-06 12:07:59.900000+00:00,0,71.94993683740606,1.080939887541296,69.28410513182713,73.62440181838325,4.3402966865561154,72.35813890461452,1.420889681072481,71.95802906679049,0.07027010235631752,0.10109819267365559,0.1929737517365737,-0.0019942873449804908,0.029524345705019685,-0.11702300975516733,0.07751184574285869,0.19453485549802602,-0.0027225413137985655,0.03950151507266769,0.029542487167233657,-0.0022624143772893507,0.02863289166520982,-0.07688224652154087,0.07895366578982857,0.15583591231136945,-0.0012534871674045754,0.0375779037033281,0.02867452171601999,0.9991904526359576,0.028798837917695327,0.9167271245061218,1.076760686047757,0.16003356154163517,0.9991476651314215,0.03644702349443241,0.9996040061581261,1.000041119471635,0.02869949081207597,0.9180617589303947,1.0768052835974216,0.1587435246670269,0.9998472999952852,0.03631750281804946,1.0004514760202234,0.00019381947634973214,0.02869949081207597,-0.08178554106489055,0.07695798360213635,0.1587435246670269,5.551115123125783e-17,0.03631750281804938,0.028652273957790343,-3.901289677409843e-05,0.3511613203886205,-1.1442261880763227,1.1223657681638732,2.266591956240196,-0.008821284735661683,0.4497505928810436,0.35057556515340393,0.12313728673891679,0.13333333333333333,0.8840161087396228,18.43548384964099,3.6333333333333333,0.8128826054785181,1.0451911170243866,0.9,0.0,0.010719476001070616,0.13350546762353524,0.06721639960924285,0.0,0.0025
participant-06,demo-session-segment-0,2026-01-06 12:04:15+00:00,2026-01-06 12:04:44.900000+00:00,3.0,2026-01-06 12:07:59.900000+00:00,0,70.35099832933686,2.2776576498689978,66.83833986142878,73.62440181838325,6.78606195695447,69.34818968337838,4.229211074859165,70.38773613272271,-0.23814900553500687,0.11633351726782613,0.21324867618901316,-0.001469231542618294,0.028504211397200833,-0.09650496125724035,0.06330027679267905,0.15980523804991942,-0.0003778504015023766,0.04068296533172329,0.028494568052131457,0.000570224371265981,0.028373544308160262,-0.08095029627898215,0.06924160884221597,0.15019190512119812,0.0034091892975422087,0.03703794825445707,0.028331954498740385,0.996471850439425,0.029695170751593076,0.8824296257702222,1.0739136165855705,0.19148399081534828,0.9960078866050074,0.0389086746944346,0.9969127406850868,0.9972811630892346,0.02971325068132469,0.8828161531210184,1.074313617374092,0.19149746425307357,0.9966777346884235,0.03879432998669641,0.9977222321841123,0.0006034284008111549,0.029713250681324695,-0.11386158156740511,0.07763588268566846,0.19149746425307357,0.0,0.038794329986696435,0.029669824193378307,-0.0007275772678147711,0.3725742221917425,-1.1442261880763227,1.1392165586843817,2.2834427467607044,0.004151875140451233,0.45757299089063147,0.37195345843307237,0.13199111909670327,3.3,0.8837924707608457,20.75244275787834,3.3,0.8196691424315159,1.0424652298986599,0.9066666666666666,0.0,0.029221261263889815,0.09517927365917606,0.02315480912343662,0.0,0.0033333333333333335
participant-06,demo-session-segment-0,2026-01-06 12:04:30+00:00,2026-01-06 12:04:59.900000+00:00,3.0,2026-01-06 12:07:59.900000+00:00,0,68.05313462458042,0.7750218765716036,66.46384837242658,70.0720763170606,3.6082279446340237,68.17073441100857,1.3089614601085913,68.05753293312996,-0.02618369494106731,0.10103541087624349,0.18912590921130798,-0.0005002514025660081,0.027709737075117927,-0.10704689795232956,0.1059838434374092,0.21303074138973876,-0.00022325738702947805,0.0372562061839552,0.027668038392256154,0.0017425155981676927,0.028978314559932602,-0.10095126667665194,0.07830579521318112,0.17925706188983306,0.0017929048465154434,0.03673305210923531,0.028982407301012997,0.9964990916753154,0.02989088229880552,0.8824296257702222,1.0739136165855705,0.19148399081534828,0.9948686166475565,0.0378082890204241,0.9969457990975139,0.9973034975064582,0.02991896213643798,0.8828161531210184,1.074313617374092,0.19149746425307357,0.9961440433688542,0.03823531449630169,0.9977506835976699,0.0011594541376039685,0.02991896213643798,-0.11332789024783585,0.07816957400523772,0.19149746425307357,5.551115123125783e-17,0.0382353144963016,0.02989155089487793,-0.0013007414007750562,0.3756314527250348,-1.0135421488146223,1.1591657273658473,2.1727078761804695,-0.0052834486718328355,0.4673542925977611,0.37500713359027016,0.1338265846877749,2.1,0.8687474019627475,21.09454747824926,2.1,0.8011057331854932,1.0410515475585627,0.8966666666666666,0.0,0.025222182834031832,-0.033792562578105374,-0.04582699419205658,0.0,0.0033333333333333335
participant-06,demo-session-segment-0,2026-01-06 12:04:45+00:00,2026-01-06 12:05:14.900000+00:00,3.0,2026-01-06 12:07:59.900000+00:00,0,70.00980162264088,2.2996866201533637,66.46384837242658,73.5752455671824,7.111397194755824,70.0720763170606,4.764755229533947,70.04743573653457,0.24747809775533694,0.09225628123439482,0.17560125308008015,-0.00109588226854319,0.02770221040415073,-0.10704689795232956,0.1059838434374092,0.21303074138973876,-0.003138719746727198,0.03548838499345118,0.027677705426656277,-0.001657260453552742,0.02902266268017802,-0.10095126667665194,0.07830579521318112,0.17925706188983306,-0.0011520666279021766,0.03728196888993713,0.029021608238715565,1.0010599561858962,0.028221007464667363,0.9208449666157387,1.0738334502747866,0.15298848365904794,1.0009779029908403,0.03823399439147912,1.0014563427281067,1.001862387119274,0.02824059535297299,0.9217603339148887,1.0757999986776952,0.1540396647628065,1.0017659396159435,0.03794750641106215,1.0022590062018906,9.644750333073326e-05,0.02824059535297299,-0.08000560570105486,0.07403405906175164,0.1540396647628065,0.0,0.03794750641106212,0.028193653374325646,-0.00048003605251550153,0.3446842480415795,-0.888400804471493,1.1591657273658473,2.04756653183734,-0.014266134972510391,0.4741501912943874,0.34410962959466007,0.11923310791874059,1.4333333333333333,0.8757835186903944,17.762243446316575,3.6,0.8156018245793069,1.0451806459631616,0.9233333333333333,0.0,0.021730134927953556,-0.054522475411381784,-0.12259476059183246,0.0,0.0008333333333333334
participant-06,demo-session-segment-0,2026-01-06 12:05:00+00:00,2026-01-06 12:05:29.900000+00:00,3.0,2026-01-06 12:07:59.900000+00:00,0,72.02746877234492,1.0905097555433694,69.4171473050916,73.78657369230486,4.369426387213252,72.49233509765774,1.6605387814508674,72.03569604883147,-0.018049271962522186,0.09368231973927085,0.16354602043210326,-0.0016611105171248036,0.028859587973205335,-0.09243535951139148,0.10614465071837523,0.1985800102297667,-0.004269991342503188,0.03953027227746317,0.028859294055930577,-0.0027593711987113816,0.02643087461628336,-0.07598669238356219,0.06420544609625997,0.14019213847982215,-0.001092923750539894,0.0362975155455922,0.02653067329119318,1.0011610624256964,0.028960064373811413,0.9182608493391343,1.0823505776868538,0.1640897283477195,1.0020514936484566,0.041537060617199084,1.0015784355846138,1.0019256070864067,0.029051493402428852,0.9187079917859694,1.0839410393880162,0.16523304760204682,1.002810643881412,0.0410457033205649,1.0023452988400818,-0.0008850367950051497,0.029051493402428852,-0.08410265209544254,0.08113039550660428,0.16523304760204682,0.0,0.041045703320564925,0.029016534277491554,-0.00044469703818850106,0.332247667021531,-0.8928243237701838,0.8239455669448315,1.7167698907150153,0.0065020191578119,0.4726725997240336,0.3316937567836258,0.12617654741771867,0.6333333333333333,0.8827917718440708,16.50325778600952,3.6999999999999997,0.8405657813221193,1.045374226922161,0.9166666666666666,0.0,0.012317083498538996,0.053840305103868114,-0.09774099330521034,0.0,0.0008333333333333334
participant-06,demo-session-segment-0,2026-01-06 12:05:15+00:00,2026-01-06 12:05:44.900000+00:00,3.0,2026-01-06 12:07:59.900000+00:00,0,70.01602440517868,2.165444666789831,66.77300684083094,73.78657369230486,7.013566851473911,69.43526371511793,4.22505554883989,70.04939110091885,-0.2430330523698205,0.09229692508955209,0.17546660319853588,-0.0011654571353746095,0.03120389762436714,-0.12547087754298641,0.10614465071837523,0.23161552826136164,-0.003062822320372011,0.0400475695827147,0.031173641213850432,0.0008112657985860892,0.02503894890891294,-0.07598669238356219,0.09016963438067731,0.1661563267642395,-0.0008636772662333828,0.03266484318455922,0.025010343555901645,1.000413947971096,0.028256851504946157,0.9182608493391343,1.0920812636076058,0.1738204142684715,1.0019256492949888,0.03900905384586095,1.0008115983806496,1.001208311834625,0.02838610330204008,0.9187079917859694,1.0922224202558009,0.17351442846983145,1.0028897563349315,0.0388788588779877,1.0016092894160602,-0.0016814445003064526,0.02838610330204008,-0.08418176454896209,0.08933266392086936,0.17351442846983145,0.0,0.03887885887798759,0.028388593015730598,-0.0008674638018420885,0.32723323925528064,-1.1973493117857292,0.8239455669448315,2.0212948787305605,0.016910251317511782,0.4291214274585395,0.32668854697408595,0.1204632747927306,0.6333333333333333,0.8652134787271543,16.009333166589332,3.8,0.8339195992761016,1.0449440596780577,0.9133333333333333,0.0,-0.0007639343255075628,0.00880407978500744,-0.06853109755215844,0.0,0.0016666666666666668
participant-06,demo-session-segment-0,2026-01-06 12:05:30+00:00,2026-01-06 12:05:59.900000+00:00,3.0,2026-01-06 12:07:59.900000+00:00,0,67.92618458065908,0.8934122771905135,66.65538056706909,69.59757855518835,2.9421979881192613,67.92503453765721,1.4931015019755591,67.93204013250654,-0.020023037153166973,0.07876497574945367,0.16066591302319694,-0.0008043835126797261,0.030783242707904897,-0.12547087754298641,0.08428295544382028,0.2097538329868067,-0.0023982126608505026,0.03741042704519122,0.03074241973252168,0.0023733415557999943,0.025468781451682375,-0.06856203657714663,0.09016963438067731,0.15873167095782392,0.0010131818796504186,0.032114128775840994,0.02553682405230929,1.001187307874616,0.028857355074038575,0.9178718380228372,1.1061210713783605,0.18824923335552324,1.0015044559468702,0.0345485948448212,1.0016017155376435,1.001984157271465,0.028874730570461343,0.9229252227513126,1.1061644350209372,0.18323921226962459,1.0022281299914653,0.03557584813556913,1.0023987341979437,-0.0002439727200002632,0.028874730570461343,-0.07930290724015265,0.10393630502947193,0.18323921226962459,0.0,0.035575848135569244,0.028827598257915685,-0.0007320954558222541,0.36710674313106884,-1.1973493117857292,1.1789438544657582,2.3762931662514877,0.0006175436966315839,0.4865241458606756,0.36649511903964377,0.12464902024664028,2.4,0.8710583327669146,20.149814928096685,3.533333333333333,0.812813122681338,1.0451015483124593,0.91,0.0,0.0353179006528915,0.04073096596198433,-0.014484410220132561,0.0,0.0008333333333333334
participant-06,demo-session-segment-0,2026-01-06 12:05:45+00:00,2026-01-06 12:06:14.900000+00:00,3.0,2026-01-06 12:07:59.900000+00:00,0,69.74369900849803,2.213427979980508,66.65538056706909,73.85476815078911,7.199387583720025,69.846954919174,4.685598566098335,69.77869649063712,0.24393040455090245,0.09326477756214109,0.16759634871646087,-0.0005016748641057826,0.028639477843813852,-0.08960814385150043,0.09576793953052312,0.18537608338202355,-0.0018131842681209016,0.03585353334235619,0.028596106434239592,0.0011584228044686203,0.026748843519556195,-0.070190298450005,0.07086424649536632,0.14105454494537134,0.001537380113184653,0.033627889003244454,0.02672933914126643,1.0015585951757255,0.02956744264420598,0.9178718380228372,1.1061210713783605,0.18824923335552324,0.9999403311345968,0.0331293812177591,1.00199348257495,1.002325510839937,0.029489031739044304,0.9212940135409087,1.1061644350209372,0.18487042148002852,1.0004658621961715,0.033377625686559886,1.002757764366252,0.001859648643765435,0.029489031739044304,-0.07917184865526283,0.10569857282476569,0.18487042148002852,0.0,0.03337762568655983,0.029498518765212596,0.0007150824256195702,0.3798931130086385,-0.8560508413113488,1.2475370155832843,2.103587856894633,-0.022706742708210603,0.488162154118455,0.37926010344252087,0.1300083923764971,2.6333333333333333,0.874487905215431,21.57625148359883,2.6333333333333333,0.8098864777442213,1.0445557240655565,0.9,0.0,0.0007899848054361052,0.07464908210117442,0.06793765991016608,0.0,0.0
participant-06,demo-session-segment-0,2026-01-06 12:06:00+00:00,2026-01-06 12:06:29.900000+00:00,3.0,2026-01-06 12:07:59.900000+00:00,0,71.89101817302532,1.0699751670897242,69.98712608910837,73.85476815078911,3.8676420616807405,72.13841916198223,2.121844302354006,71.89895357135771,0.0037288324870144844,0.10102644401892072,0.18187589421041,-0.0022332704667357667,0.02795413771936959,-0.0736934750041032,0.09576793953052312,0.16946141453462632,-0.0014601152116440791,0.03661651055479165,0.02799672361590961,0.0034949556449440896,0.027421216232749998,-0.070190298450005,0.07086424649536632,0.14105454494537134,0.004199812591434847,0.0320341256216745,0.02759767026962749,1.0017883917490145,0.030208799706742916,0.9167217045673411,1.1174751011153323,0.20075339654799118,1.0008024866040857,0.037781121610446444,1.0022422419343204,1.0025594839638252,0.030207319916088656,0.9170242282023087,1.118497292967764,0.20147306476545523,1.0012824407867935,0.03751878809578513,1.0030129408213384,0.0012770431770318712,0.030207319916088656,-0.08425821258448485,0.11721485218097039,0.20147306476545523,1.1102230246251565e-16,0.037518788095785044,0.030183959457531197,-0.0010541143693200271,0.38060474207713657,-1.0283940642427103,1.2475370155832843,2.2759310798259946,0.0014543938432226566,0.4907472357663395,0.37997133350171114,0.13641613353439525,2.5666666666666664,0.8591646478385305,21.65686471176951,2.933333333333333,0.7953512002277038,1.0451000615496828,0.89,0.0,-0.039332813509176064,-0.09278630212214833,0.07895349478807961,0.0,0.0
participant-06,demo-session-segment-0,2026-01-06 12:06:15+00:00,2026-01-06 12:06:44.900000+00:00,3.0,2026-01-06 12:07:59.900000+00:00,0,69.97954094239078,2.3097497010267065,66.56762965280667,73.64446158913462,7.076831936327949,70.33415836487468,4.554753975578635,70.01752145744334,-0.26111216874470944,0.08330555533046458,0.15817137901250883,-0.003695334805384219,0.028804336588692556,-0.08896186773713402,0.08056759524478288,0.1695294629819169,-0.002112582325334073,0.03866264886808314,0.028992752076180368,0.0025743255494840604,0.027655417497086502,-0.08103224595894053,0.07073540590941074,0.15176765186835128,0.0037161663597820626,0.03556813402494914,0.027729043653116205,0.9997935371813117,0.032172630632311794,0.9118930092569574,1.1174751011153323,0.20558209185837495,1.0013784237630659,0.04362774653393353,1.0003093246045358,1.000595364165598,0.0322584924800836,0.9131740672932953,1.118497292967764,0.2053232256744686,1.0020713457732446,0.04452480716231333,1.0011134922802958,-0.0014759816076465372,0.032258492480083605,-0.08889727847994933,0.11642594719451926,0.2053232256744686,0.0,0.04452480716231341,0.0322384887621938,-0.002748128092884706,0.3973795952026439,-1.3353892003179224,1.123396388331026,2.4587855886489485,0.019067008354411996,0.5107699216055878,0.3967262613135417,0.15557850966771944,1.9333333333333333,0.8759099494336886,23.608036075142955,2.966666666666667,0.8183878432369267,1.0444956136398797,0.88,0.0,0.027686709133370853,-0.18179193124904236,0.06517323321029087,0.0,0.0
participant-06,demo-session-segment-0,2026-01-06 12:06:30+00:00,2026-01-06 12:06:59.900000+00:00,3.0,2026-01-06 12:07:59.900000+00:00,0,67.95498885622517,1.0294316980048723,66.56762965280667,70.85051205061839,4.2828823978117185,67.6271459486018,1.3688839651562859,67.96275971176036,0.003316893139786452,0.08592460388883592,0.16282776598644477,-0.001662218859981578,0.029275278315394716,-0.11714636920193149,0.08056759524478288,0.19771396444671435,-0.0027110651515965013,0.03976747991648708,0.029273675641791536,-0.0001536247235704613,0.03022015275816925,-0.10833862745420934,0.08161069458761404,0.18994932204182338,0.0020178915115514123,0.03762317998636382,0.030170134921370283,1.0003187978405454,0.032796640361501796,0.9118930092569574,1.1055536538296178,0.1936606445726604,1.0010466341874484,0.04574249614313253,1.0008545006810057,1.0012006116471657,0.03283054543001643,0.9131740672932953,1.1105821835404737,0.19740811624717836,1.0014832646701983,0.04620184790154469,1.001736949832729,-0.0002826530230328073,0.03283054543001643,-0.08830919737690301,0.10909891887027534,0.19740811624717836,0.0,0.046201847901544774,0.03277700093439038,0.0006857583959278905,0.3860615023096408,-1.3353892003179224,1.1426527515596774,2.4780419518776,0.015394990567094702,0.49713735679866256,0.3854181394515171,0.16114005043774532,1.1,0.8765641892369541,22.283483351300365,3.9,0.8235087567607232,1.0471386898477828,0.88,0.0,0.07082660023477458,-0.08122826565681777,-0.0023966212609146634,0.0,0.0008333333333333334
participant-06,demo-session-segment-0,2026-01-06 12:06:45+00:00,2026-01-06 12:07:14.900000+00:00,3.0,2026-01-06 12:07:59.900000+00:00,0,69.65520737993371,1.9854498638499332,66.56762965280667,72.8904658046431,6.322836151836427,69.71179299356649,3.714556274875264,69.68340395148783,0.22272884697176837,0.08004175988482384,0.15040380960688512,0.0024081783913237963,0.02887299501905994,-0.11714636920193149,0.06603872107191544,0.18318509027384694,0.003431618614179957,0.03642761439362362,0.028925254220672464,0.0019561525204399685,0.03253075308751518,-0.10833862745420934,0.08161069458761404,0.18994932204182338,0.002143725274420144,0.041355251655387434,0.032535348921892616,0.9997512321907287,0.030540875616565197,0.9220914088241465,1.0973056520911972,0.1752142432670507,1.0000552492033394,0.03887246605047079,1.0002160577595367,1.0007008451125543,0.030467923572253974,0.9228763210384745,1.099139681263567,0.17626336022509248,1.0004854553414213,0.04015587290610734,1.001163014429333,0.00021538977113277864,0.030467923572253978,-0.0776091343029468,0.09865422592214568,0.17626336022509248,-1.1102230246251565e-16,0.04015587290610739,0.030417863912546562,0.0010554618402146953,0.37268629650339535,-1.1315029850489111,1.1426527515596774,2.2741557366085887,0.008517775222534052,0.4845243978693231,0.3720661312398305,0.13878126678008829,0.2,0.8839739231993232,20.764904314976526,3.466666666666667,0.8240924025913852,1.0479379300842329,0.8933333333333333,0.0,0.0638381045739007,0.029672539604252843,0.0010019387626442548,0.0,0.0016666666666666668
participant-06,demo-session-segment-0,2026-01-06 12:07:00+00:00,2026-01-06 12:07:29.900000+00:00,3.0,2026-01-06 12:07:59.900000+00:00,0,71.63141965901544,1.1012923414037399,69.39154899677936,73.06121708436677,3.669668087587411,72.00263769371014,1.6491002217373563,71.63985681428423,0.03339343715545051,0.09329473106840327,0.172776122294471,0.002022870675522427,0.028328856043138496,-0.11684966907456384,0.07878139599251341,0.19563106506707725,0.0028719935308961827,0.03493140934244788,0.028353853533521274,0.000242892301459832,0.03193115191917976,-0.09008806893368268,0.08242833513490859,0.17251640406859126,-0.0006246484835084132,0.04028750835500476,0.03187881425042176,1.0003338355722686,0.02802935618776874,0.9220914088241465,1.0673749489662367,0.14528354014209022,0.9997339185041931,0.0377585857000351,1.000725141376492,1.0012448236610059,0.0279717634126883,0.9228763210384745,1.0681993512445938,0.14532303020611925,1.0011442656307874,0.03763036436179179,1.0016341689415416,0.00010055803021849052,0.0279717634126883,-0.0782679445923129,0.06705508561380635,0.14532303020611925,0.0,0.03763036436179182,0.027925285946100258,0.002119865797099563,0.349351475349494,-1.1315029850489111,1.0929145452223932,2.224417530271304,0.011883967614780833,0.4045064917425076,0.3487751792326536,0.11697238467464179,0.16666666666666666,0.8663740444996595,18.246038629596097,3.466666666666667,0.8015239179063256,1.0478068659450774,0.9066666666666666,0.0,-0.012346360775060272,-0.05305043964656894,0.04597440022757632,0.0,0.0016666666666666668
participant-06,demo-session-segment-0,2026-01-06 12:07:15+00:00,2026-01-06 12:07:44.900000+00:00,3.0,2026-01-06 12:07:59.900000+00:00,0,70.05885814445047,2.220545954394852,65.62715137747759,73.06121708436677,7.434065706889186,70.0453408482974,4.5034016989447565,70.09392265210084,-0.24729413534972206,0.10258455298803702,0.19278122157788471,-0.0013958555162135308,0.02996598907847767,-0.08910757499457447,0.07946494217008129,0.16857251716465577,-0.0022599828585716944,0.039725481932450304,0.029948551090196035,-0.0020485245030662726,0.02924481086760201,-0.09008806893368268,0.08242833513490859,0.17251640406859126,-0.0005706020999635905,0.037206605619566346,0.029267807436030056,1.0023145374938034,0.029936343555098385,0.9244303144775619,1.0870886572770884,0.1626583427995265,1.0032107092966838,0.04096704131906226,1.0027600059110093,1.0031907588532214,0.029873497006616415,0.9252505500222166,1.0889764745329258,0.16372592451070922,1.004312097083076,0.0406385811890011,1.003633971983393,-0.001121338229854272,0.029873497006616415,-0.07906154706085933,0.08466437744984989,0.16372592451070922,0.0,0.040638581189001044,0.029844739403877718,0.00022957704103339897,0.35762790297494007,-1.106861403180689,1.1382033115289392,2.245064714709628,0.007522954462708675,0.4120281467660236,0.35703143274589055,0.13341771287397455,3.2333333333333334,0.8685545860345399,19.12071179061363,3.2333333333333334,0.8055056474741855,1.0490372108689539,0.9,0.0,-0.01960067159060822,-0.04052187998312522,-0.04874067791421291,0.0,0.0008333333333333334
participant-06,demo-session-segment-0,2026-01-06 12:07:30+00:00,2026-01-06 12:07:59.900000+00:00,3.0,2026-01-06 12:07:59.900000+00:00,0,67.96498057903241,1.1971418270922567,64.94721448466375,70.51915788231936,5.571943397655616,67.9435844115102,2.0337376914962277,67.9754879092499,-0.03569150016354022,0.11711463960756965,0.24329029062680513,-0.0005296006163017712,0.030127001602961806,-0.08910757499457447,0.07946494217008129,0.16857251716465577,-0.0027993284378212413,0.04086692288215085,0.03008141034446968,-0.0003878524495836728,0.030143706595037918,-0.11193004734570582,0.08927963086780816,0.201209678213514,-0.0010978894064030066,0.036785407260034375,0.03009592441930892,1.0028035296184468,0.029701147767645947,0.9265048478761545,1.0870886572770884,0.16058380940093386,1.0046402092623505,0.04069502009503645,1.0032418136554457,1.0037063909544353,0.02968519341155479,0.9265054005291166,1.0889764745329258,0.16247107400380922,1.0053367031027154,0.04091737311427357,1.0041438107072278,-0.001630312148279998,0.02968519341155479,-0.07883130257359883,0.0836397714302104,0.16247107400380922,-1.1102230246251565e-16,0.04091737311427346,0.029680486123983447,0.0019504544780315795,0.3644685223256234,-1.106861403180689,1.1382033115289392,2.245064714709628,0.006085261800351516,0.49612693922528095,0.3638657953508961,0.13174327837429672,0.8,0.8802595970172856,19.859216539953664,2.933333333333333,0.8258347285260984,1.0503054184511462,0.9133333333333333,0.0,-0.07385904287667633,0.06207221327022415,-0.12731693601025718,0.0,0.0016666666666666668
participant-07,demo-session-segment-0,2026-01-07 12:02:15+00:00,2026-01-07 12:02:44.900000+00:00,8.0,2026-01-07 12:04:31.700000+00:00,1,69.91541226979811,2.177959235712383,65.8309830158574,74.12030846794194,8.28932545208454,70.30132144090268,3.5528846490515065,69.94921420287831,-0.24474113619544483,0.10103812419090083,0.1836722521671661,0.0015989569521278118,0.029738915716451368,-0.08467779947514475,0.08947144157916892,0.17414924105431367,0.0008242863139908616,0.04171550569596247,0.02973233527600866,-0.0031704646038789868,0.030005683777393943,-0.14273317117201817,0.08346335581676638,0.22619652698878456,-0.003456160746989368,0.038077986402947336,0.030122944210190485,0.9995104444817627,0.029979097728986437,0.906774987870112,1.0851738470230905,0.17839885915297848,0.9996224066808745,0.042108696510147925,0.9999584386902152,1.0004095415432968,0.029866455704463415,0.9070818128876788,1.085800876377697,0.1787190634900182,0.999735353178968,0.04152571323963916,1.0008537768508583,0.0006741883643286602,0.029866455704463415,-0.09265354029128925,0.08606552319872895,0.1787190634900182,0.0,0.041525713239639106,0.029824257840044385,0.0002069462445701409,0.36317255394606357,-0.9995047860467121,0.990382837077306,1.9898876231240181,-0.01140214429301567,0.4599170077995818,0.36256682016789066,0.13335496585893253,0.5,0.8756572212305271,19.71823723800295,3.433333333333333,0.8157273280228639,1.0467302894083574,0.92,0.0,0.05380927743600748,0.04756937898858902,0.19279464836925403,0.0,0.0016666666666666668
participant-07,demo-session-segment-0,2026-01-07 12:02:30+00:00,2026-01-07 12:02:59.900000+00:00,8.0,2026-01-07 12:04:31.700000+00:00,1,68.0292147364286,1.1651748234547958,65.8309830158574,70.79363532911289,4.962652313255489,68.0112050385338,1.7346368400228158,68.039159052586,-0.029862907528935903,0.11189702347546568,0.20521492569499186,0.00013179626979237507,0.02967566505702125,-0.08467779947514475,0.08947144157916892,0.17414924105431367,0.0009173833031765875,0.04243775720962174,0.029626457486138777,-0.0017695970589132277,0.03008153998132257,-0.14273317117201817,0.08346335581676638,0.22619652698878456,-0.0021218698826110088,0.03798232293610937,0.030083453778447657,0.9974750786133749,0.02963572413273207,0.906774987870112,1.0782268482998554,0.17145186042974336,0.9951736394753689,0.03493472523440899,0.9979137643165769,0.9983695153102687,0.029594806887126138,0.9070818128876788,1.0787389001249372,0.17165708723725848,0.9960255172232408,0.034835526613709256,0.9988065989904644,0.002343998087027958,0.02959480688712614,-0.08894370433556209,0.08271338290169639,0.17165708723725848,-5.551115123125783e-17,0.03483552661370931,0.029638276148745982,0.0013814643751104698,0.3589665311584606,-1.1295100456318463,0.990382837077306,2.119892882709152,-0.0013888684449747668,0.45850749311193567,0.3583704168884266,0.13094233883695083,2.533333333333333,0.8651336701975609,19.264310540445372,3.5666666666666664,0.7990207371512844,1.0447263090146526,0.9066666666666666,0.0,0.0497200547107809,0.031069005531575124,0.10906228474793732,0.0,0.0
participant-07,demo-session-segment-0,2026-01-07 12:02:45+00:00,2026-01-07 12:03:14.900000+00:00,8.0,2026-01-07 12:04:31.700000+00:00,1,71.44703675539202,3.9703151404430517,66.55193865060951,78.15514205072809,11.603203400118574,69.87332008895982,7.171711276335955,71.55689986833127,0.44235066499401665,0.11349992452464111,0.2006688385430635,-0.008918821084374744,0.1654849590396552,-0.6814467940538511,0.5440275474773528,1.225474341531204,-0.002079814093430981,0.07391394313826175,0.1654494871524144,0.002529978081828838,0.1603775461399472,-0.5987507898810425,0.5594223745703398,1.1581731644513824,0.003548306538424741,0.07526768290433108,0.16013001458381412,0.9948227483218913,0.1351197003233767,0.5127729541593983,1.4876984064238272,0.974925452264429,0.9985011648135262,0.07848266142327509,1.0039266787052472,1.0209146274267131,0.13667303741333364,0.534240704579702,1.503784159798059,0.969543455218357,1.005108898820108,0.08599028959232835,1.0299921992839354,0.01580572860660504,0.13667303741333361,-0.47086819424040605,0.498675260977951,0.969543455218357,0.0,0.08599028959232827,0.13735747212554375,0.004058880835369118,1.6641364070087237,-6.754007959178852,5.51139375461023,12.265401713789082,0.052363977258494954,0.8890139039407543,1.6613654893014262,2.7930140104390895,1.7,0.8799534404996626,414.149616109197,2.5666666666666664,0.8534061942003177,1.195591034891645,0.56,0.0,-0.008426691484858192,-0.07292852371619564,-0.08618133992939621,0.0,0.0016666666666666668
participant-07,demo-session-segment-0,2026-01-07 12:03:00+00:00,2026-01-07 12:03:29.900000+00:00,8.0,2026-01-07 12:04:31.700000+00:00,1,76.96458886887156,2.6661821322892143,69.87332008895982,80.17827059041768,10.304950501457867,77.9346633954843,3.6902624464330245,77.01060168461497,0.2787178423332819,0.117697980980451,0.19637664467697583,0.001229803859131031,0.23975164059702211,-0.6814467940538511,0.8334624155614003,1.5149092096152514,0.004580517281229143,0.3323073387083172,0.23935488036790134,-0.005382407212244591,0.23174624649606002,-0.5987507898810425,0.5594223745703398,1.1581731644513824,0.011282554766564666,0.32429410593985797,0.23142228068301385,1.0152556143424598,0.19171007080621752,0.47780930343934597,1.496179210244221,1.018369906804875,1.0207792752207945,0.22706048542968837,1.0331380375010795,1.0687941304626543,0.1897904370772495,0.534240704579702,1.5329317186345515,0.9986910140548495,1.062935762719446,0.23473392853184472,1.085458997513974,0.005858367743208401,0.1897904370772495,-0.528695058139744,0.46999595591510546,0.9986910140548495,0.0,0.23473392853184485,0.18956440184073278,0.0007414872912690089,2.236965505085134,-6.754007959178852,6.268122115333217,13.02213007451207,0.09289067242814308,2.782888452492609,2.233234240253596,5.385157839390722,1.4333333333333333,0.8690654599182288,748.1391436799892,2.5666666666666664,0.8349563689583922,1.39047302345216,0.24666666666666667,0.006666666666666667,0.014008819005939185,-0.06051095963729869,0.016135411513148085,0.0,0.0016666666666666668
participant-07,demo-session-segment-0,2026-01-07 12:03:15+00:00,2026-01-07 12:03:44.900000+00:00,8.0,2026-01-07 12:04:31.700000+00:00,1,79.05102769167117,0.7210391001646828,77.56676405526247,81.07244989361907,3.505685838356598,79.07803404403154,0.8418876603459751,79.05430502826553,0.03605818719515591,0.10613112190305436,0.1836006825691443,0.005590462849086608,0.2519014421112077,-0.5889474182490897,0.8334624155614003,1.42240983381049,0.0047049163283691435,0.36237003977234733,0.2515433866303136,-0.008632815681923952,0.24493698784776308,-0.687481794799264,0.8862479481549137,1.5737297429541777,0.017344046961132502,0.34215846417571194,0.24468075751029852,1.0000988142952858,0.1981276625950668,0.39137724696495674,1.496179210244221,1.1048019632792643,1.0122545595958454,0.24642426147449026,1.0194711180172147,1.0605492867983806,0.1944875416975654,0.4536102412469651,1.5329317186345515,1.0793214773875863,1.0642345794955375,0.2520913606616869,1.078176288426216,-0.003685292697156714,0.1944875416975654,-0.6106243382485723,0.468697139139014,1.0793214773875863,0.0,0.25209136066168686,0.19419809622712772,-0.016736504742845083,2.3150895470711035,-5.819459283837637,6.377716246270664,12.1971755301083,-0.02679029001475597,2.7622415378520895,2.3112884407141903,5.663885781889248,1.7333333333333334,0.8716045164028818,804.125979925274,3.7333333333333334,0.8279821086535462,1.4003616818015483,0.2633333333333333,0.01,-0.013628785379885674,-0.05474908488247148,0.035625086760911556,0.0,0.0
participant-07,demo-session-segment-0,2026-01-07 12:03:30+00:00,2026-01-07 12:03:59.900000+00:00,8.0,2026-01-07 12:04:31.700000+00:00,1,80.99455445016615,2.244900982697559,78.1014461930225,86.30647953202326,8.205033339000764,80.66319094289305,3.7881147395654295,81.02555542791198,0.2414653135520316,0.10545998692105849,0.19877021899902622,0.0002580693310343792,0.2529206720543161,-0.7643684167526346,0.596163147665429,1.3605315644180636,0.015691480386196086,0.3601952734253653,0.2524989176168455,-0.0016135169532754175,0.23992889842607074,-0.687481794799264,0.8862479481549137,1.5737297429541777,0.015880611206321785,0.31443976641107246,0.23953411757529056,0.9866981331014677,0.20099056584990138,0.39137724696495674,1.4776245264467507,1.086247279481794,0.9947527106267856,0.25966463125628236,1.006894113632635,1.046409935919798,0.20031989205718997,0.4536102412469651,1.6142659218640818,1.1606556806171167,1.056816262713256,0.26194461961586823,1.0653487940333444,-0.010406326793457783,0.20031989205718995,-0.6032060214662909,0.5574496591508258,1.1606556806171167,0.0,0.26194461961586835,0.2002563122449755,-0.0002540043858428209,2.4671676980183466,-7.011695325490691,6.516368452850019,13.528063778340709,-0.017204300982683884,3.104124916457838,2.463052332607428,6.001958875368579,1.7333333333333334,0.8879984103778888,911.1130306999032,3.7666666666666666,0.8377477479031287,1.3807685371412959,0.21333333333333335,0.013333333333333334,0.047572247712929276,-0.004262610734417151,-0.058934252306295336,0.0,0.0016666666666666668
participant-07,demo-session-segment-0,2026-01-07 12:03:45+00:00,2026-01-07 12:04:14.900000+00:00,8.0,2026-01-07 12:04:31.700000+00:00,1,86.60706099972582,4.206080249732992,80.62508470992846,94.19272554535344,13.567640835424982,86.30647953202326,7.3642102177297915,86.70879514620879,0.4780903347433251,0.10506964725757365,0.20590242839296452,-0.0102456756977336,0.24853588395423945,-0.7643684167526346,0.5641970784205307,1.3285654951731654,0.0014167230163670205,0.35321689452088845,0.24833275901105337,0.001311847381040847,0.23205933175811355,-0.7178461167957702,0.7111321345460818,1.428978251341852,0.005345124388264243,0.29393788430565687,0.23167595750973657,1.002406006056489,0.2210246666362477,0.43936916290976413,1.6120875278672395,1.1727183649574755,0.9899045211913504,0.3176198910153776,1.0264048248923265,1.0584207951963662,0.22081150122781903,0.476888996099504,1.6354165095975968,1.1585275134980928,1.062884345414032,0.30720460433695995,1.0811335593016909,-0.0044635502176658855,0.22081150122781903,-0.585995349314528,0.5725321641835648,1.1585275134980928,-1.1102230246251565e-16,0.30720460433696006,0.22048835938611472,0.005948498999373021,2.691040539509803,-7.7489029465065205,8.72785707861236,16.476760025118878,0.04599779291838968,3.4950254083319687,2.6865583136498774,7.292158407522613,0.7333333333333333,0.8705530805299263,1083.634724282672,3.0666666666666664,0.8380177744390648,1.3862732150894375,0.15666666666666668,0.016666666666666666,0.08300091773834976,0.012851376186275347,0.05729135962581109,0.0,0.0025
participant-07,demo-session-segment-0,2026-01-07 12:04:00+00:00,2026-01-07 12:04:29.900000+00:00,8.0,2026-01-07 12:04:31.700000+00:00,1,92.05237735123124,2.218481051699568,86.30647953202326,94.84928156749454,8.542802035471283,93.23653596672511,3.4221219952831063,92.07901730939012,0.21903816738004647,0.08533608125801471,0.17890184788247798,0.0038777594211240186,0.24508502725363768,-0.7145331369626318,0.5658412766572987,1.2803744136199304,0.004313941379001748,0.3562827115807463,0.24470693771686308,-0.02086875637140151,0.24003685663697172,-0.7178461167957702,0.6562383299342638,1.374084446730034,-0.01568916474245719,0.3271442185562564,0.24054342344262883,0.9972438357393784,0.22612173230660462,0.375307462595003,1.6120875278672395,1.2367800652722365,0.9958522960915683,0.31393846622137256,1.0224753634923387,1.0553730871626874,0.22260123720629302,0.3894597469786927,1.6354165095975968,1.245956762618904,1.0534290044181729,0.3076932964133883,1.0785168023155942,0.0019440827445145969,0.22260123720629302,-0.6639692574394802,0.5819875051794239,1.245956762618904,-1.1102230246251565e-16,0.30769329641338816,0.22223842878195166,0.010640771622668231,2.6722640821138945,-7.7489029465065205,8.72785707861236,16.476760025118878,-0.04882726225832412,3.346186848231495,2.6678278116902936,7.412276063827684,0.8,0.8763751238508672,1068.9938089945165,3.6666666666666665,0.8456705651361813,1.3874093316617495,0.19333333333333333,0.016666666666666666,0.08983511473099444,-0.025016641189008787,0.08690161246471349,0.0,0.0008333333333333334
participant-07,demo-session-segment-0,2026-01-07 12:04:15+00:00,2026-01-07 12:04:44.900000+00:00,0.0,2026-01-07 12:07:59.900000+00:00,0,82.29442859882971,12.672312075555274,66.31792138517648,94.84928156749454,28.531360182318068,93.1997419326848,25.483187604547737,83.2611865163095,-1.3000402441781376,0.14545307424521903,0.8039006945110112,0.018333520592745286,0.1891951920079322,-0.6494831849380795,0.5658412766572987,1.2153244615953782,0.0036894075309073498,0.12917029913734868,0.18976728534527024,-0.0240621464555279,0.17778290813991712,-0.6293686636286715,0.46984211848650764,1.099210782115179,0.00011701172475696189,0.12300488697589651,0.17911000375182248,0.99883745191194,0.1622778128913827,0.375307462595003,1.4924521416750722,1.1171446790800692,0.998508070797169,0.09587004407477995,1.011890588751352,1.0328027828273096,0.15942934843630072,0.3894597469786927,1.5352158542345515,1.1457561072558589,1.0143365869376242,0.12009580271230724,1.0449950141674595,0.0184661958896855,0.15942934843630072,-0.6248768399589315,0.5208792672969274,1.1457561072558589,0.0,0.12009580271230724,0.16023105756890643,-0.004212599844391264,1.8161107952802267,-7.3229458561480225,6.755733904949118,14.07867976109714,-0.029671582915566375,1.1408078190428865,1.813086311237016,3.8024097725467314,0.8,0.8940986632172729,494.1791000960164,3.3666666666666667,0.8683377444685024,1.2429358408916953,0.49333333333333335,0.01,0.17315420772922707,-0.03932680001167742,-0.012283353723657207,0.0,0.0
participant-07,demo-session-segment-0,2026-01-07 12:04:30+00:00,2026-01-07 12:04:59.900000+00:00,0.0,2026-01-07 12:07:59.900000+00:00,0,69.43311901360272,5.631236926799327,66.31792138517648,93.79047913498992,27.472557749813447,67.88862023639454,1.5681554132666804,69.66034124606661,-0.2782753252622275,0.1461613543612557,0.8030352009588496,0.0011623254468195892,0.08586023029907563,-0.6156178827098161,0.44936319665931745,1.0649810793691334,-0.0016034813237244564,0.04116330559816288,0.0857248906889432,-0.0010856735907049696,0.049512763864950675,-0.2893633399585923,0.2771023612610215,0.5664657012196138,0.0013608750252201722,0.03821274403890219,0.04944209502107927,0.998268599440099,0.06324198045140561,0.5451567043669217,1.2935462470927046,0.748389542725783,0.999694688876478,0.0460251838134218,1.0002631718165682,1.0033719805452725,0.05980200771427697,0.6499873719195266,1.3427138523052085,0.6927264803856819,1.001664290461648,0.04648395008318551,1.0051466015145483,0.0017076900836247924,0.05980200771427697,-0.35167691854212135,0.3410495618435605,0.6927264803856819,0.0,0.04648395008318559,0.05972667241965372,0.007936422644373779,0.6371543052339199,-5.449866405369881,3.283216482317509,8.73308288768739,-0.004275539027370767,0.5105914593031247,0.6361410038559968,0.5347019075556229,0.6,0.8757101070952408,60.69357282493283,3.933333333333333,0.8550070204249347,1.0664009207736387,0.86,0.0,0.02856099689529506,-0.09717589574553509,-0.03911966025834488,0.0,0.0
participant-07,demo-session-segment-0,2026-01-07 12:04:45+00:00,2026-01-07 12:05:14.900000+00:00,0.0,2026-01-07 12:07:59.900000+00:00,0,69.86081422725829,1.9545979525879191,66.91641244689976,72.6479849128194,5.7315724659196405,70.08091529682531,3.887829740486012,69.88806108920105,0.2111701733868205,0.09922354228405397,0.18320270737341637,-0.0015782026143776823,0.029047308837132083,-0.105744310602981,0.08286787168837727,0.1886121822913583,-0.0026450830019118894,0.034621542581146796,0.029041769694748764,0.00017361738292856764,0.030005074051907308,-0.08970124832280518,0.07835452000213233,0.16805576832493752,0.0004306751205008809,0.039801164897690686,0.02995552698518079,1.001810527725268,0.027340771816615532,0.9257837216423996,1.091744583408109,0.16596086176570934,1.0042264540248178,0.03667286184431828,1.0021822985558548,1.0026771851654697,0.027405902337247063,0.9271723566100605,1.0918119219513454,0.16463956534128488,1.0050057356399487,0.03526631955847925,1.003050406272117,-0.0023285504744787622,0.027405902337247063,-0.07783337902988818,0.0868061863113967,0.16463956534128488,1.1102230246251565e-16,0.035266319558479337,0.02745909719239127,9.34220198598686e-05,0.34267436098419574,-1.058210975628039,1.0012890112450312,2.05949998687307,-0.0012327877729256809,0.3990061161480321,0.34210277307364945,0.11228708665631933,0.8666666666666667,0.8485746130098442,17.555203383615293,3.5,0.7858389864231341,1.0484025406132331,0.9366666666666666,0.0,0.05528522547806381,-0.06897807799298628,0.03810916876425511,0.0,0.0
participant-07,demo-session-segment-0,2026-01-07 12:05:00+00:00,2026-01-07 12:05:29.900000+00:00,0.0,2026-01-07 12:07:59.900000+00:00,0,71.71473846133577,0.6703853210920182,70.17429993541393,73.02711618427729,2.8528162488633626,71.75777256433888,0.9458240224179661,71.71786131084501,-0.014911147187807889,0.10636485046932537,0.19734391125046485,-0.0019065850168918034,0.03173771492538498,-0.105744310602981,0.08710796762970316,0.19285227823268417,-0.0009593873041726167,0.03918987187868436,0.03174208573197459,0.0017784286751363375,0.028125588696475287,-0.08970124832280518,0.07835452000213233,0.16805576832493752,0.001300315319874849,0.036916565222150116,0.02813493769220222,1.001943645169777,0.025693084213574368,0.9257837216423996,1.077625938771241,0.15184221712884138,1.004468944908051,0.034625011921327054,1.0022719203010317,1.00283916832335,0.025767277724797023,0.9271723566100605,1.0791204638676382,0.15194810725757768,1.0054112313653736,0.034420654892100666,1.0031690470451515,-0.002572063042023436,0.025767277724797023,-0.0782388747553131,0.07370923250226458,0.15194810725757768,1.1102230246251565e-16,0.03442065489210061,0.025852561464991063,-0.0007046211920200022,0.3073542191655143,-0.9035171392895647,0.8027964363876483,1.706313575677213,-0.0038717733976900703,0.40006986697443736,0.30684234357359774,0.0992640214097005,0.2,0.887177468207234,14.123468065145396,3.5666666666666664,0.8273310326544484,1.0490682678699854,0.95,0.0,0.11748577720235386,-0.030348202552315736,0.08556877594154913,0.0,0.0
participant-07,demo-session-segment-0,2026-01-07 12:05:15+00:00,2026-01-07 12:05:44.900000+00:00,0.0,2026-01-07 12:07:59.900000+00:00,0,69.99396783032908,1.9906482190370867,66.39189477832633,73.02711618427729,6.635221405950958,70.35663826686108,3.6104443367921135,70.02217508782955,-0.22517635490132842,0.09278354098552023,0.17051481195233,-0.0008059095811656341,0.03039718108893061,-0.09138366304379344,0.09286663063845255,0.184250293682246,-5.775095618667939e-05,0.04024021710795293,0.030357176191894802,0.00020873792971484988,0.025801371035557595,-0.10116529683516157,0.06488549444492529,0.16605079128008687,-0.0005317266023703422,0.030327153684422264,0.02575917861682376,1.001272298486698,0.027587914426588225,0.9340481278970446,1.077625938771241,0.1435778108741964,0.9998770852723761,0.038005394803657944,1.0016510229428721,1.0020636146262965,0.027584666271689057,0.9341526251263408,1.0791204638676382,0.14496783874129737,1.0004665666113777,0.037629985545687084,1.0024419510335056,0.0015970480149187698,0.027584666271689057,-0.06631394148503689,0.07865389725626049,0.14496783874129737,0.0,0.03762998554568711,0.027584923351437484,0.00023545306559409265,0.32925353580159444,-1.06459354291072,0.9520954794878522,2.0166890223985723,-0.0004535780125192179,0.42477841974246894,0.32870440617653995,0.11375661560143895,0.16666666666666666,0.8634238170721609,16.206990804994003,3.1333333333333333,0.811091262764287,1.0454352513248724,0.9233333333333333,0.0,-0.002765290900666968,-0.03680573519397666,0.07597328483664849,0.0,0.0
participant-07,demo-session-segment-0,2026-01-07 12:05:30+00:00,2026-01-07 12:05:59.900000+00:00,0.0,2026-01-07 12:07:59.900000+00:00,0,68.00659889327311,1.2218474352399196,66.32137549208898,70.57006054366173,4.24868505157275,67.70300070546541,1.6038744176087363,68.01753764886688,-0.02576873996819142,0.11619459880756793,0.19974060350460895,-0.0027305197047952875,0.027622201268757487,-0.07186218821720497,0.09286663063845255,0.16472881885565752,-0.004008171571681764,0.037524403283090715,0.027710980749760267,0.001088692101712443,0.028169056537492354,-0.10116529683516157,0.0958003531277197,0.19696564996288127,0.0013153345253088325,0.03384456181106729,0.028143134347191387,1.0003136669608137,0.028482793819644792,0.9336466893309773,1.0983560510707862,0.16470936173980888,0.9983590415110941,0.03644665856812379,1.0007177412340353,1.00109415106193,0.02844520864382017,0.933795882929511,1.1010866262249508,0.1672907432954398,0.9990017001889617,0.03689397922571824,1.0014968457691453,0.0020924508729681813,0.02844520864382017,-0.06520581725945074,0.10208492603598907,0.1672907432954398,-5.551115123125783e-17,0.036893979225718215,0.028474745754737574,-0.0009612422973354932,0.3391421824461049,-1.1253328974537302,1.25144620949326,2.37677910694699,-0.010343700790262922,0.4036749276674584,0.33857783817218,0.1209653378588404,0.7,0.8752615705208979,17.19571498168209,3.7666666666666666,0.8297534047872698,1.0442338913842082,0.9033333333333333,0.0,-0.06460392161077437,0.0030477080606937258,0.09829368411625353,0.0,0.0008333333333333334
participant-07,demo-session-segment-0,2026-01-07 12:05:45+00:00,2026-01-07 12:06:14.900000+00:00,0.0,2026-01-07 12:07:59.900000+00:00,0,69.66362851013545,2.2276241552379936,66.32137549208898,73.22704481272274,6.905669320633763,70.08327624485561,4.5995202214697315,69.6991169638748,0.24629128589848648,0.11779383967500062,0.2007906391535718,-0.0007182927867354864,0.028283564377252133,-0.0720058554460354,0.08844969761400379,0.16045555306003917,-0.001173442649301594,0.03814407828251319,0.028245520441833514,-0.00014336736578801117,0.030338025605214057,-0.0839110006349669,0.0958003531277197,0.1797113537626866,0.0014682996907821782,0.03889121709762528,0.030287759339906958,1.002054801588607,0.030125908376264686,0.9336466893309773,1.1041296718770741,0.17048298254609684,1.0006211887354692,0.0368662877473005,1.002506045122801,1.0029096531948187,0.030146062943165196,0.933795882929511,1.1041591912718771,0.17036330834236613,1.0011257939364189,0.03689794178762673,1.0033611156002715,0.0017838592583999553,0.030146062943165196,-0.06732991100690788,0.10303339733545824,0.17036330834236613,0.0,0.036897941787626676,0.030148598327680392,-0.00015602644133408134,0.3584074736438474,-1.1253328974537302,1.25144620949326,2.37677910694699,-0.02437473682325164,0.4459306804471855,0.3578096632533415,0.13586395091824852,3.4,0.8763804732394983,19.204452052015466,3.4,0.8189636787900633,1.0480079086141412,0.8866666666666667,0.0,-0.13559732469818825,0.012187675468718717,0.032125080774439756,0.0,0.0008333333333333334
participant-07,demo-session-segment-0,2026-01-07 12:06:00+00:00,2026-01-07 12:06:29.900000+00:00,0.0,2026-01-07 12:07:59.900000+00:00,0,71.6149694835183,0.982835601245807,69.7596482822364,73.67189824367617,3.9122499614397697,71.8864424672804,1.6199185574519106,71.62169084892,-0.0016922778146494831,0.10989060959257554,0.19205402576641933,0.0019750880843863172,0.029885184010098934,-0.07688862372486796,0.08844969761400379,0.16533832133887175,0.0020008258661511347,0.03603847411243119,0.029900637376386582,-0.0026861640004688715,0.03064069375842598,-0.0839110006349669,0.08539648231879826,0.16930748295376516,-0.0012994545714078635,0.04282761219329123,0.030707296917644844,1.0024104827124003,0.030063779606920086,0.9301353950907802,1.1041296718770741,0.17399427678629387,1.0010599156717532,0.03969029766182741,1.0028597079983224,1.0033235645717844,0.03015686249379439,0.9311295658359595,1.1041591912718771,0.1730296254359176,1.0019334565987112,0.03990121467513219,1.0037751641308839,0.0013901079730730267,0.03015686249379439,-0.07080389076275173,0.10222573467316587,0.1730296254359176,0.0,0.039901214675132274,0.03013863469250377,6.314248140528722e-05,0.35893391434703364,-1.120539555624871,1.0187431356686416,2.139282691293513,-0.00034124644231581236,0.4875798817662094,0.3583351973677184,0.13596334446674105,1.5,0.8738220980592184,19.26161081257707,3.4,0.8169710934798844,1.0502323655109047,0.8833333333333333,0.0,-0.06706129492728517,0.12075637502863511,-0.03478139380864821,0.0,0.0
participant-07,demo-session-segment-0,2026-01-07 12:06:15+00:00,2026-01-07 12:06:44.900000+00:00,0.0,2026-01-07 12:07:59.900000+00:00,0,69.8152319978235,2.0791612090673013,66.55998406162735,73.67189824367617,7.111914182048821,69.80625879162028,4.292142282686399,69.84608164055278,-0.23414303986927215,0.10865865602050243,0.19900896957143238,0.0008474817523578641,0.030436453421696177,-0.07688862372486796,0.0860817685803025,0.16297039230517046,0.001184435816653874,0.04087483527767961,0.030397499840535518,-0.0006341915609034663,0.03028007299971592,-0.09766398811219515,0.08539648231879826,0.1830604704309934,-0.0017638587230869693,0.039849582838338116,0.030236215764121107,1.0004277813304006,0.02809311643317762,0.9221144784933473,1.076071738361254,0.15395725986790665,0.9998996392266895,0.038187745039468424,1.000820832169588,1.0013445742402565,0.0281471019647171,0.9226601151583554,1.0763458146207783,0.15368569946242283,1.001007768819562,0.03812593796966157,1.0017387757519003,0.0003368054206945144,0.0281471019647171,-0.07834765366120655,0.07533804580121628,0.15368569946242283,0.0,0.038125937969661655,0.02810216935410651,-0.0007782691001523282,0.3228004246473631,-1.1080728954405983,1.304371699024759,2.412444594465357,0.022347042682389073,0.4390141673662559,0.3222629146232443,0.11844290211908193,0.5,0.8654494133514538,15.577922523668143,2.2333333333333334,0.8276597387814836,1.0486094970720843,0.9233333333333333,0.0,0.015936319042309705,0.19109842846700947,-0.05077973004672009,0.0,0.0
participant-07,demo-session-segment-0,2026-01-07 12:06:30+00:00,2026-01-07 12:06:59.900000+00:00,0.0,2026-01-07 12:07:59.900000+00:00,0,67.91648930659753,1.0613683585016027,66.15256208906541,69.85286930100416,3.7003072119387497,67.58425050095912,1.8766608317288558,67.92475445311744,-0.0052977567955721045,0.0970637824385966,0.1769561624112173,0.0015682906434874163,0.029170459322459534,-0.11057447635015893,0.07906201606363039,0.18963649241378933,0.0016047964873351543,0.0390251414040598,0.0291639991593878,-0.0024755491743114243,0.029066661090117882,-0.09766398811219515,0.09378259100323491,0.19144657911543006,-0.00337515883450729,0.032589212742028105,0.029123579702464136,0.9986123661142873,0.028843091149795518,0.9219920070156945,1.086446819026369,0.16445481201067447,0.997154162666694,0.03914617739756654,0.9990274313469879,0.9994593912837257,0.028952541610919102,0.9226601151583554,1.087431712338737,0.16477159718038148,0.9977599375159444,0.03932101623374973,0.999877257629863,0.0016994537677814318,0.028952541610919095,-0.07509982235758894,0.08967177482279254,0.16477159718038148,0.0,0.03932101623374967,0.028954164524095466,-0.0010521466337731552,0.333714784792376,-0.9880625438553092,1.304371699024759,2.292434242880068,0.022347042682389073,0.44764620722089365,0.3331597906054451,0.12532422917785827,0.5,0.8814741896911229,16.650426121177382,3.3333333333333335,0.8330045955785648,1.0439219302991438,0.9133333333333333,0.0,0.004819619815563692,0.037505420006832636,0.029601475464797317,0.0,0.0008333333333333334
participant-07,demo-session-segment-0,2026-01-07 12:06:45+00:00,2026-01-07 12:07:14.900000+00:00,0.0,2026-01-07 12:07:59.900000+00:00,0,69.86498115620878,2.3783675943978917,66.15256208906541,73.74959961153777,7.5970375224723625,69.47550901755858,4.767951877250894,69.90531717208721,0.26808029729711286,0.09299875896662464,0.16319320752665678,0.0015666246921277826,0.027776674634361516,-0.11057447635015893,0.07906201606363039,0.18963649241378933,0.0010403304772912364,0.040548441526810294,0.02777455948327575,7.092716903972693e-05,0.027930434182110844,-0.10260796932182581,0.09378259100323491,0.19639056032506072,-0.0019202670750207765,0.031749590562059296,0.02788393480876034,0.9978342456794174,0.029348482887963566,0.9219920070156945,1.1058024632748706,0.18381045625917614,0.9949551526087035,0.03841080454398349,0.9982643157936401,0.9986072570999134,0.029445208386041193,0.9231972393085128,1.1058807308436422,0.18268349153512942,0.995565220623077,0.03864993810928974,0.9990398311187865,0.003042036476836431,0.029445208386041193,-0.07236798131456412,0.1103155102205653,0.18268349153512942,0.0,0.038649938109289655,0.029553074546778874,0.0006491679715268006,0.35848951852331196,-0.9844454142815962,1.1086354731593029,2.093080887440899,0.006063880623843332,0.48207977595238594,0.3578921260107497,0.12962054627559255,1.5333333333333332,0.8739116032270139,19.213100923801306,2.433333333333333,0.819737700815952,1.041227876833533,0.9066666666666666,0.0,0.13784831000650946,-0.1353584244638706,0.024380483134999388,0.0,0.0008333333333333334
participant-07,demo-session-segment-0,2026-01-07 12:07:00+00:00,2026-01-07 12:07:29.900000+00:00,0.0,2026-01-07 12:07:59.900000+00:00,0,71.98383419386184,1.2239625102106741,69.38364916471001,73.75255974124516,4.368910576535157,72.36531350248806,1.9644291376999234,71.99420446023213,0.01880865510808172,0.09646900346779805,0.16744481373524195,0.0033420674924686798,0.03057903678660501,-0.0832852590426175,0.1201257884423923,0.2034110474850098,0.0023096102729375716,0.04027875518221671,0.030710421373719977,0.0012978262214802794,0.028142635442538384,-0.10260796932182581,0.0713129226322759,0.1739208919541017,0.00030020741925353774,0.03608875402461282,0.028125651212382752,1.0011310118504753,0.027633006891940447,0.9360390258227881,1.1097442309456005,0.1737052051228124,1.0004003616024417,0.037425682994117304,1.0015110287369517,1.0019979362021658,0.027589782269993215,0.9362375038659696,1.1133163776792445,0.17707887381327492,1.0015211269803466,0.03759927989666767,1.0023764377312643,0.0004768092218190693,0.027589782269993215,-0.06528362311437697,0.11179525069889795,0.17707887381327492,-1.1102230246251565e-16,0.03759927989666759,0.027547887622356063,0.0015954084666233766,0.33813601498270407,-0.8297588911024434,1.1086354731593029,1.9383943642617463,0.0137367275765099,0.4419960818711591,0.33757575457142097,0.1137998902901493,2.8666666666666667,0.8790365685745837,17.093228155208173,2.8666666666666667,0.8163126751704052,1.046866706511885,0.93,0.0,0.14653632784414525,-0.12912870767743395,-0.018449774724068727,0.0,0.0
participant-07,demo-session-segment-0,2026-01-07 12:07:15+00:00,2026-01-07 12:07:44.900000+00:00,0.0,2026-01-07 12:07:59.900000+00:00,0,70.19085366518672,2.2360147039415263,66.0218335873385,73.75255974124516,7.730726153906659,70.63392565926753,4.318046968955187,70.22634145483714,-0.24871492525063374,0.10330720170680628,0.19085969750331933,0.0028910112469572352,0.031107999371906864,-0.0832852590426175,0.1201257884423923,0.2034110474850098,0.0021563361059347514,0.03829126973646961,0.031190381191474974,-7.791950927597417e-05,0.02851920777653063,-0.08775176484013425,0.06995314488577614,0.1577049097259104,-0.0009292434922302771,0.03763425969678235,0.028471742709983778,1.001364928948093,0.026957595122651043,0.9277232497374901,1.1097442309456005,0.1820209812081104,1.0022591289655312,0.0350458212203838,1.0017265148177417,1.0022565405113573,0.026902229202030885,0.9285913153821688,1.1133163776792445,0.18472506229707575,1.0027390896952761,0.03431003357096585,1.0026163226781781,-0.00048254918391874496,0.02690222920203088,-0.07414777431310737,0.11057728798396838,0.18472506229707575,-1.1102230246251565e-16,0.034310033570965764,0.026861689385319295,0.00018687676970180256,0.3297792106009958,-0.9470684479046332,0.9414637980142349,1.888532245918868,0.01479271215127309,0.4204458795016347,0.3292291728290912,0.10819803922294659,1.8333333333333333,0.8809468720619428,16.258883859400644,3.1333333333333333,0.8295219888615668,1.047622707975959,0.94,0.0,0.07204673579159436,0.007516887771584588,0.01786543038588368,0.0,0.0025
participant-07,demo-session-segment-0,2026-01-07 12:07:30+00:00,2026-01-07 12:07:59.900000+00:00,0.0,2026-01-07 12:07:59.900000+00:00,0,68.12037372157519,1.1028046036755768,64.59129500611337,71.01538588551556,6.424090879402186,68.0148827178884,0.9923203274775858,68.12927006826298,-0.03982679911004601,0.11552089719157974,0.23338613758985646,0.0009679557224417452,0.028898541569082743,-0.07691552800774698,0.08244581592341096,0.15936134393115794,-0.00045657280392056524,0.03931400539853137,0.028866570470896104,-0.0007295875314874804,0.028803679524628117,-0.09203436595525455,0.0674907863071103,0.15952515226236486,-0.0020300709217991467,0.039834444573377606,0.028764887373492788,0.9987057445977058,0.030316254557288917,0.8831524100526578,1.097704822243456,0.21455241219079824,1.0002116716356668,0.038702882504163094,0.9991642387508366,0.9995388746752227,0.030248330856780255,0.883329592641432,1.0980486942534708,0.2147191016120389,1.0012348971132303,0.039203200646748426,0.999994936804632,-0.0016960224380075063,0.030248330856780255,-0.11790530447179837,0.09681379714024052,0.2147191016120389,0.0,0.03920320064674826,0.030245464783987014,0.0001881923818169562,0.3744833330255235,-1.2322031279295054,1.1906451955502229,2.4228483234797284,-0.028912912038495664,0.435913946367833,0.3738587205187249,0.13678755524184077,2.5,0.8585007399738575,20.965791783519087,2.5,0.7946231614367737,1.044590557950064,0.91,0.0,-0.0026385721471595554,-0.0265891962868745,0.03034355960134746,0.0,0.0033333333333333335
participant-08,demo-session-segment-0,2026-01-08 12:00:00+00:00,2026-01-08 12:00:29.900000+00:00,1.0,2026-01-08 12:06:19.100000+00:00,0,71.52867680290917,1.1486084697420473,65.0506777170512,73.81705339558411,8.76637567853291,71.6643241345054,1.141360733920365,71.53786765706965,0.05363720217923509,0.10363008302506461,0.2134265848818326,0.0001923376740178196,0.030732917793041336,-0.12094295408118234,0.09055925573780581,0.21150220981898815,0.0022774700790845316,0.03962787721341175,0.03068225636641538,0.002276697758282409,0.027955588666511075,-0.07519207708612735,0.08960877979454726,0.1648008568806746,0.003583410571924772,0.036594309605607625,0.02800166496088093,0.9984764807373888,0.030555356322773817,0.9088970345587111,1.0833452152045515,0.17444818064584044,0.9984379393232341,0.03949075840005012,0.9989423408217312,0.999339809632167,0.030567201043906072,0.9091101863908227,1.085771831634983,0.17666164524416017,0.9994245131993773,0.038999342936958836,0.999805628301179,-8.47035672103084e-05,0.030567201043906072,-0.09031432680855456,0.08634731843560561,0.17666164524416017,5.551115123125783e-17,0.038999342936959,0.03051633073870462,0.001344902732232105,0.37490975253579883,-1.4502706106839913,1.1681869831591662,2.6184575938431576,0.023467458475759373,0.5171420077039246,0.37428679765832634,0.13968685408755996,0.7,0.8893753360398118,21.013329740226766,3.5,0.8324612140692885,1.0447596136152886,0.8966666666666666,0.0,-0.044475903135268266,-0.07118276377082251,0.025214545912627152,0.0,0.0016666666666666668
participant-08,demo-session-segment-0,2026-01-08 12:00:15+00:00,2026-01-08 12:00:44.900000+00:00,1.0,2026-01-08 12:06:19.100000+00:00,0,70.21592289596087,2.0589259755215594,66.15303561105048,72.48423383050581,6.331198219455331,71.03183610247379,3.188422137728054,70.2460025461731,-0.22076619922406066,0.09530013540269898,0.19514969479485444,0.0029759560798454637,0.03093673925206371,-0.07813523461553354,0.09203509225904333,0.17017032687457687,0.003216604733018919,0.0405269054276234,0.031028178763088585,0.0007800536254128935,0.026279711164966156,-0.07519207708612735,0.06647967391560004,0.1416717510017274,0.0009876304780134391,0.033722915767601044,0.026247468928949826,1.0019873058918203,0.030137918729273832,0.9194006214129421,1.0833452152045515,0.16394459379160942,1.0037571353012689,0.04250683460135207,1.00243893962003,1.002807792850698,0.030250389316799076,0.9196827836528634,1.085771831634983,0.16608904798211954,1.0045125092748948,0.041299307100617355,1.0032624308569817,-0.0017047164241968287,0.030250389316799076,-0.0848297256220314,0.08125932236008815,0.16608904798211954,0.0,0.04129930710061727,0.030248005307107084,0.0003581959922015169,0.3700509528293088,-1.1916446391341884,0.8654646173231872,2.057109256457376,0.015596862785567378,0.5364499661504383,0.36943386007324125,0.13680537967957115,3.0,0.8783388367895519,20.472191171018654,3.0,0.8065803910588537,1.0472993008082423,0.9,0.0,-0.07294512344023042,0.04743243502842068,0.012215889646426876,0.0,0.0
participant-08,demo-session-segment-0,2026-01-08 12:00:30+00:00,2026-01-08 12:00:59.900000+00:00,1.0,2026-01-08 12:06:19.100000+00:00,0,68.17190521458657,1.4052921464860886,66.15303561105048,71.322021212667,5.168985601616512,68.03046154957974,2.105547281140403,68.18633971539678,-0.06309548074647764,0.13035890992837718,0.23766868889004739,0.00038554461670050314,0.02970578077762735,-0.09746531370142267,0.09203509225904333,0.189500405960466,0.000737130566219258,0.037358484426256985,0.029658735838780446,0.0006421777436207077,0.02827422039231694,-0.07931967237870652,0.07924077817836273,0.15856045055706924,0.0007911195248590575,0.03798142433257959,0.028234361321831505,1.0016985167745065,0.029462991637981696,0.9194006214129421,1.0769218988695337,0.1575212774565916,1.0016764449369866,0.03818202100583301,1.0021302773716192,1.0025346951516736,0.029478708594516564,0.9196827836528634,1.0775403904945904,0.157857606841727,1.0022084022589182,0.03861910696019888,1.0029665560704029,0.0003262928927553355,0.029478708594516567,-0.08252561860605478,0.07533198823567222,0.157857606841727,0.0,0.03861910696019896,0.029431345193817075,-0.00015032327310226411,0.34086493572355886,-1.1916446391341884,0.8312082128774678,2.022852852011656,0.01165384089233279,0.47526125667188807,0.34029638648521227,0.12991653007460108,1.2666666666666666,0.8593678459464827,17.370898663358677,2.933333333333333,0.8047171247086432,1.0474403873349358,0.9,0.0,0.008874660338588697,0.06260381193616427,0.013988703230838014,0.0,0.0008333333333333334
participant-08,demo-session-segment-0,2026-01-08 12:00:45+00:00,2026-01-08 12:01:14.900000+00:00,1.0,2026-01-08 12:06:19.100000+00:00,0,69.69957548477599,2.153990216510686,66.30309488436541,73.24716272197229,6.94406783760688,69.22935275343477,4.343049410647055,69.73274002239766,0.23907446138278382,0.11767939343203573,0.21041899159521044,-0.004438821965409824,0.027870350807978585,-0.09746531370142267,0.08683394956355611,0.18429926326497878,-0.00455492963978203,0.03402869237061802,0.028175705961339545,0.0011778641782294711,0.03127349556152515,-0.08669881051510862,0.08433130541947514,0.17103011593458378,0.0012468998448497287,0.04285562099644405,0.0312435398694989,0.9957716228491248,0.02895861506031235,0.9198199818942149,1.0664187513273597,0.14659876943314487,0.9954097905222534,0.040622287761282405,0.996191212027007,0.9966629206929447,0.0288575551158985,0.9229085004990842,1.0694528658840246,0.1465443653849403,0.9966797576181763,0.03991848387411068,0.997079214561127,-1.6836925231498895e-05,0.0288575551158985,-0.07377125711909205,0.07277310826584826,0.1465443653849403,-5.551115123125783e-17,0.03991848387411068,0.028809423963782183,-0.0008229714956951973,0.3396606515075214,-1.0371036697405944,0.8312082128774678,1.8683118826180622,0.003562696345371652,0.45952374638527194,0.3390950765453866,0.12449974171845535,1.7,0.8773184418454257,17.248142018254374,3.3333333333333335,0.8192781451854242,1.0427498308528258,0.91,0.0,0.08100770951666397,-0.13235661678839833,0.0784455412349851,0.0,0.0016666666666666668
participant-08,demo-session-segment-0,2026-01-08 12:01:00+00:00,2026-01-08 12:01:29.900000+00:00,1.0,2026-01-08 12:06:19.100000+00:00,0,71.67010835039268,0.8621650496247526,69.18731984967961,73.24716272197229,4.059842872292677,71.91550418851878,1.1536570842307725,71.67527664242331,0.008852503882859596,0.0875193692207225,0.16087960265595405,-0.0003970795062257069,0.02845181174317435,-0.08563531111775854,0.08683394956355611,0.17246926068131466,-0.0005489832312840634,0.038678880569824506,0.028407127831439328,0.0028665934486118627,0.031446214306435814,-0.08669881051510862,0.09462247825258903,0.18132128876769765,0.0033288042312501227,0.038605172645411745,0.031524364189600376,0.9956749168449938,0.031825291891821,0.9198199818942149,1.12782576505228,0.20800578315806517,0.9966034018824826,0.04400357413350764,0.9961817168941975,0.9965796304874223,0.03179896541850439,0.9229085004990842,1.1292192567017658,0.20631075620268158,0.9970235654585573,0.04373223190364661,0.9970851335384866,-0.0004439349711352266,0.031798965418504396,-0.07411506495947306,0.1321956912432085,0.20631075620268158,-5.551115123125783e-17,0.04373223190364667,0.03174902674529637,0.0015082132894499733,0.3884792493693091,-1.0371036697405944,1.3430782841856148,2.3801819539262095,0.007792770721156694,0.5135616572247181,0.38783417608633536,0.15117059132790922,2.6666666666666665,0.8826260521336564,22.562159316969375,2.6666666666666665,0.8304019083061667,1.0430971794984525,0.8833333333333333,0.0,-0.010569455440829153,-0.046870032253537836,-0.042613350406036685,0.0,0.0008333333333333334
participant-08,demo-session-segment-0,2026-01-08 12:01:15+00:00,2026-01-08 12:01:44.900000+00:00,1.0,2026-01-08 12:06:19.100000+00:00,0,70.0442164247269,1.9380836213507313,66.68496828828647,72.79801326175489,6.113044973468419,70.6296703169855,3.9237338862925526,70.07093478837655,-0.21522518677588057,0.10331240124090796,0.2183530208371469,0.0037704161176232054,0.028988931461173456,-0.08563531111775854,0.12163304590303498,0.20726835702079352,0.00486361282699462,0.036015354967055976,0.02918515018183807,0.0020360302568548194,0.02848602825696234,-0.07841042269318109,0.11750750410194702,0.1959179267951281,0.00027136152048862455,0.035462878366127215,0.028511302654276666,0.9970684680516342,0.03036121483353272,0.9051249655245387,1.12782576505228,0.22270079952774136,0.9973014944069432,0.03881875656326428,0.9975290776068202,0.9979008833223952,0.030427639460760506,0.9063753230232742,1.1292192567017658,0.22284393367849165,0.9978284364248723,0.038863050846730696,0.9983631243396832,7.244689752299712e-05,0.030427639460760502,-0.09145311340159812,0.13139082027689353,0.22284393367849165,0.0,0.03886305084673067,0.030376970787585295,0.0018999279212269951,0.3683350135250134,-1.0680403953448192,1.3430782841856148,2.411118679530434,0.017580350848432902,0.4470756287482927,0.3677255176178052,0.1384147686362829,1.9,0.8780844299077434,20.282768545565595,3.533333333333333,0.8331881182084088,1.0420178964196911,0.9133333333333333,0.0,0.04241893303805965,0.07405714293772943,-0.09291292287012319,0.0,0.0
participant-08,demo-session-segment-0,2026-01-08 12:01:30+00:00,2026-01-08 12:01:59.900000+00:00,1.0,2026-01-08 12:06:19.100000+00:00,0,68.2932563107678,1.1389260070595397,66.04725279066119,70.84061389673528,4.793361106074087,68.02667933658518,2.118204036297982,68.302720927766,-0.0132679891761042,0.11810783620820614,0.24472391851123051,0.0025409366402243633,0.029137245079367904,-0.0792034658431264,0.12163304590303498,0.20083651174616138,0.003145845046052812,0.03432128276087086,0.029199408892225883,0.0018841841027141966,0.027129839178927053,-0.0687564282759797,0.11750750410194702,0.1862639323779267,0.0007296179346876742,0.034703614263054516,0.02715004413184476,0.9991673478106495,0.0301333641136642,0.9051249655245387,1.1272205701100577,0.22209560458551902,0.9983031798968023,0.03893600373084816,0.9996201187609545,0.9999613022439293,0.03017517788139303,0.9063753230232742,1.1272899872659656,0.22091466424269146,0.998950922293193,0.03854504576792772,1.0004149700037885,0.0010103799507362335,0.03017517788139303,-0.09257559926991887,0.1283390649727726,0.22091466424269146,0.0,0.038545045767927694,0.030141783124946597,-0.0010733120060598448,0.36762075164672,-1.4435996332796786,1.277650918479224,2.7212505517589025,0.011314128787738298,0.4654498529787873,0.3670091084017181,0.1361274497015097,2.8,0.8627575698806292,20.204311901085134,3.6,0.7901382010252171,1.0427719060105607,0.9133333333333333,0.0,0.05656970732881471,0.06888159139389427,0.0010821548245655037,0.0,0.0016666666666666668
participant-08,demo-session-segment-0,2026-01-08 12:01:45+00:00,2026-01-08 12:02:14.900000+00:00,1.0,2026-01-08 12:06:19.100000+00:00,0,70.0172272342197,2.0745731196715784,66.04725279066119,73.6125806197504,7.565327829089213,70.20753122921536,3.44934729539537,70.04785233694506,0.2319592411869019,0.088535901017934,0.17261661691710437,0.0028885103907193036,0.02982552066918455,-0.0792034658431264,0.10524992641775333,0.18445339226087973,0.0033034147823975484,0.03889605414820809,0.029915547293249068,0.0018242821035618206,0.02740282001509192,-0.06918343842939323,0.0678616093940778,0.13704504782347104,0.002391443739834743,0.03455229745137013,0.027417868288586913,1.0013842414654919,0.03059837469267534,0.9243526292906535,1.1272205701100577,0.20286794081940418,1.000614014619933,0.04322599142085082,1.0018500580030958,1.002208115011546,0.03053227466920955,0.9247246018724921,1.1272899872659656,0.20256538539347357,1.0008049993478536,0.042767834776787916,1.0026715405316693,0.0014031156636925715,0.03053227466920955,-0.07608039747536155,0.12648498791811202,0.20256538539347357,0.0,0.042767834776788,0.030513622051801192,0.001191221322971019,0.3799582877950352,-1.4435996332796786,1.277650918479224,2.7212505517589025,-0.0004312688723134839,0.5042774054784362,0.37932636581730167,0.13936691150138056,3.6,0.8716968459197895,21.583161557796497,3.6,0.7984160101976234,1.0470001362131731,0.9066666666666666,0.0,-0.018046250900370778,-0.08494690504362042,0.03921100019778592,0.0,0.0033333333333333335
participant-08,demo-session-segment-0,2026-01-08 12:02:00+00:00,2026-01-08 12:02:29.900000+00:00,1.0,2026-01-08 12:06:19.100000+00:00,0,71.92931857673953,1.1337095924306086,69.29132129575162,74.40654545398573,5.115224158234113,72.09387208220406,1.6559976161895804,71.93822269162102,0.004040778534529496,0.12782363753528259,0.24521864882657426,0.0016258891699983647,0.02899083891283954,-0.07525189432502805,0.10524992641775333,0.18050182074278137,0.001100999426370312,0.040502482864274006,0.028988112977456154,-0.001948449786990362,0.0298308178510816,-0.09332379884996587,0.0928200853053063,0.18614388415527217,-0.0022979495652206794,0.03777044322014666,0.02984472970656545,0.9999656350933346,0.028247754251446038,0.9112686059078055,1.073010590850704,0.1617419849428985,0.9981668386265985,0.03970350085528351,1.0003632076413371,1.000832676256082,0.028180971410469522,0.9145341890686702,1.0730428658281295,0.15850867675945923,0.9986899620526442,0.039074671227747215,1.0012280288664102,0.0021427142034377167,0.028180971410469522,-0.08415577298397392,0.07435290377548531,0.15850867675945923,-5.551115123125783e-17,0.039074671227747104,0.02821544169356894,-0.0006004549337346407,0.3457410814502193,-1.073296715073816,1.0645600848564263,2.1378567999302422,0.0009052766288636382,0.4578186046706259,0.34516488759792285,0.11872833988547148,1.3333333333333333,0.8614802017728869,17.870786069985925,3.3,0.830142680891151,1.0467409205868967,0.9166666666666666,0.0,-0.01298810499617018,-0.06755965639784796,0.05148854920885252,0.0,0.0025
participant-08,demo-session-segment-0,2026-01-08 12:02:15+00:00,2026-01-08 12:02:44.900000+00:00,1.0,2026-01-08 12:06:19.100000+00:00,0,70.07954348959014,2.2288572352848126,66.33284325573226,74.40654545398573,8.073702198253471,69.3421298803402,3.9246132875034476,70.11486048574905,-0.24956155472907224,0.12068708777197958,0.24110211482032465,-0.0024861479845908183,0.026977542466456634,-0.07525189432502805,0.07056189423959593,0.14581378856462396,-0.003676574345759972,0.03653822216860615,0.027047047343576304,-0.003625157058545129,0.030111248789058992,-0.09332379884996587,0.0928200853053063,0.18614388415527217,-0.004161841861373595,0.03826210529264626,0.030278817287397543,1.0015947483391823,0.030017014734118056,0.9112686059078055,1.1052604977543536,0.1939918918465482,0.9989590866545568,0.03720052532827278,1.002042942029066,1.0024182566429305,0.029984042002246237,0.9145341890686702,1.10571098918905,0.19117680012037974,0.9995778723346537,0.03722548830934436,1.0028650992115518,0.0028403843082769223,0.029984042002246233,-0.08504368326598344,0.1061331168543963,0.19117680012037974,0.0,0.037225488309344384,0.03006848430769107,-0.0005880013319001965,0.35253786767852885,-0.8618168717028485,1.1639243637681085,2.025741235470957,-0.00972068427283479,0.4645056161320388,0.35195030529758864,0.13440933973374947,1.9,0.8708472217759683,18.580880153864115,3.7666666666666666,0.8215247130678515,1.0472789793941608,0.89,0.0,-0.06530319026235074,0.006007136976316777,-0.01620758116512971,0.0,0.0016666666666666668
participant-08,demo-session-segment-0,2026-01-08 12:02:30+00:00,2026-01-08 12:02:59.900000+00:00,1.0,2026-01-08 12:06:19.100000+00:00,0,68.27395993311005,0.8416209745738013,66.33284325573226,69.99722759286044,3.6643843371281832,68.25087349497105,1.1732293462910235,68.27912982549313,0.012527691466469476,0.06639237923734523,0.13075147170553217,-0.002693639537534296,0.02668563828412267,-0.08492126779004722,0.057725158595316586,0.1426464263853638,-0.002857388691842335,0.0368896552767009,0.026776953528866915,-0.0011645959336034812,0.029086423706522927,-0.08295909360172586,0.08624916428755662,0.16920825788928248,-0.002188432570679244,0.04170004673865703,0.029061250160832615,1.0011170129358227,0.03202205006827883,0.9029753124552595,1.1052604977543536,0.20228518529909412,0.99948812630771,0.03893933064385824,1.0016273095523862,1.00189934625019,0.03193631925277742,0.9035950038100412,1.10571098918905,0.20211598537900877,1.0000299569600521,0.03889165778811776,1.0024065187050357,0.001869389290137976,0.031936319252777415,-0.09643495315001094,0.10568103222899783,0.20211598537900877,-1.1102230246251565e-16,0.03889165778811768,0.031937804278138575,0.001387810058967247,0.3569421514128197,-0.8766567929846203,1.1639243637681085,2.0405811567527286,-0.00434788250485485,0.47441585023250465,0.35634945368339593,0.15247942092257968,1.7333333333333334,0.8705879167659575,19.047557204688193,3.7666666666666666,0.8246967214064664,1.0463344253027143,0.89,0.0,-0.02391364100339225,0.059761553742868144,0.031483089332541625,0.0,0.0016666666666666668
participant-08,demo-session-segment-0,2026-01-08 12:02:45+00:00,2026-01-08 12:03:14.900000+00:00,1.0,2026-01-08 12:06:19.100000+00:00,0,70.20718727883369,2.026170079657125,66.39725952643727,73.65652243604495,7.259262909607685,69.99722759286044,3.848739732980718,70.23632127500903,0.22772347627540013,0.07919496766175083,0.14875289275676115,-0.0009131501874672939,0.02782998834189938,-0.08492126779004722,0.0895925166143285,0.1745137844043757,0.0016702270716491135,0.03485640462488755,0.02779856831214082,0.002656583110589563,0.030732194917956965,-0.08323812931894807,0.09664323480196452,0.1798813641209126,0.0015849049608328701,0.041968495448741094,0.0307957304229637,0.9999770803395253,0.028689448792019193,0.9029753124552595,1.1002894763824052,0.19731416392714562,1.0003991161225245,0.03633989498686596,1.0003871760780645,1.0008409419256077,0.028561646747786877,0.9035950038100412,1.1003370988615817,0.1967420950515405,1.00070188729801,0.035635993826717005,1.0012470421798674,0.0001390546275976586,0.028561646747786877,-0.09710688348796881,0.09963521156357169,0.1967420950515405,-1.1102230246251565e-16,0.035635993826717144,0.028514343330769572,0.0011335885520105842,0.3260957710787889,-0.8766567929846203,0.816920081407454,1.6935768743920743,-0.003949806852412974,0.4599238674093614,0.3255537980612271,0.12195728250976685,0.3333333333333333,0.8669785065588572,15.897726403147784,2.933333333333333,0.8128032503336475,1.0465693133076965,0.93,0.0,0.02878897172703356,0.19148634727688374,0.08388001695055378,0.0,0.0025
participant-08,demo-session-segment-0,2026-01-08 12:03:00+00:00,2026-01-08 12:03:29.900000+00:00,1.0,2026-01-08 12:06:19.100000+00:00,0,71.89595630353166,0.9927978979124975,69.99722759286044,74.03592495838417,4.038697365523731,71.8626651747499,1.5892198757863838,71.90278781085762,-0.0035114861950792395,0.0985406022814437,0.17963281915912432,3.581656576986456e-05,0.02910408431609137,-0.07531355507485483,0.09291031644117312,0.16822387151602797,0.0003288004026727896,0.03589702607446922,0.029055559094459227,0.006290334879536994,0.03144853920012862,-0.08323812931894807,0.09664323480196452,0.1798813641209126,0.0040457734844058825,0.042186616570491164,0.0320200285549426,0.9979608553497775,0.028071236906626537,0.9120868049305247,1.075202800189599,0.16311599525907428,0.9961763514783885,0.03807725064700618,0.9983542640286176,0.9988997985793069,0.027974008097823272,0.9148891116586993,1.0767052447091778,0.16181613305047848,0.9970479401006855,0.03801347576034708,0.9992901201588423,0.0018518584786214264,0.027974008097823275,-0.08215882844198619,0.0796573046084923,0.16181613305047848,-5.551115123125783e-17,0.03801347576034694,0.027988676730392247,-0.0012832361895266983,0.34455065284372177,-0.8656019437790685,1.0338068709167136,1.8994088146957822,-0.005058938002276969,0.4544040524526133,0.3439783160252541,0.11699050054995713,0.8666666666666667,0.856263813463627,17.748202314182844,3.6,0.8012013305108203,1.0460314800264323,0.9366666666666666,0.0,-0.018027660819439777,0.14485984026767026,0.048678106280485536,0.0,0.0025
participant-08,demo-session-segment-0,2026-01-08 12:03:15+00:00,2026-01-08 12:03:44.900000+00:00,1.0,2026-01-08 12:06:19.100000+00:00,0,69.68662877152751,2.3114694942577407,66.44881087236975,74.03592495838417,7.587114086014424,70.18667167580237,4.356989305873782,69.72482564428657,-0.25540895629956234,0.1322318425619589,0.25146200756606696,0.0019332631826788971,0.027570770437979168,-0.07531355507485483,0.09353143844348011,0.16884499351833493,0.0012115209575364622,0.03633828408772547,0.027592590753112847,0.0012034102389593111,0.030335110411285005,-0.08379532640778731,0.08450042187115625,0.16829574827894356,0.00017427053116312262,0.04089325920428018,0.030308410110988466,0.9971224298137813,0.031421939655862936,0.9069584912580662,1.0969683006957531,0.19000980943768697,0.9946699542582734,0.039614773894335875,0.9976157512799391,0.9979661453320584,0.03136862652291415,0.9082783666953023,1.098381087050825,0.19010272035552278,0.9952824598290708,0.039844749562954807,0.9984573791553457,0.0026836855029876883,0.03136862652291415,-0.08700409313376856,0.10309862722175422,0.19010272035552278,-5.551115123125783e-17,0.03984474956295467,0.03143108220715984,0.0008582254591721638,0.38280982284832843,-1.1493899411990793,1.0543739166634902,2.20376385786257,-6.925049051531573e-05,0.43192823589282003,0.3821722375472567,0.1471097872772466,2.1333333333333333,0.8712137821522705,21.908863184252855,3.2333333333333334,0.8193022658016257,1.0428977111182713,0.8966666666666666,0.0,-0.027481075244251297,0.07712621411523923,0.09903510225024117,0.0,0.0008333333333333334
participant-08,demo-session-segment-0,2026-01-08 12:03:30+00:00,2026-01-08 12:03:59.900000+00:00,1.0,2026-01-08 12:06:19.100000+00:00,0,68.03244565275207,1.1853837076774867,66.44881087236975,70.34670157788793,3.8978907055181793,67.81007563216492,2.0206292348138533,68.0427373953114,0.05656344037245535,0.12364698629103077,0.2411093947005625,0.0022514516807855397,0.027950335671793055,-0.077033793355053,0.09353143844348011,0.1705652317985331,0.0009134175022870268,0.03751718332474495,0.027994396367063648,-0.000919353051221358,0.029240018692639203,-0.08379532640778731,0.08450042187115625,0.16829574827894356,-0.00047269400543062997,0.036307678642057965,0.029205718176438102,0.9992137446253071,0.030406592664255792,0.9069584912580662,1.0969683006957531,0.19000980943768697,0.997812457265906,0.037235652930059926,0.9996747403310672,1.0000315514785953,0.030434029297075938,0.9082783666953023,1.098381087050825,0.19010272035552278,0.9981944873475457,0.03662441731364219,1.000493001803683,0.0018370641310497542,0.030434029297075938,-0.08991612065224341,0.10018659970327937,0.19010272035552278,5.551115123125783e-17,0.036624417313642216,0.030438750139901417,0.0002885941970450697,0.35483338727155955,-1.1493899411990793,1.23363546678659,2.383025407985669,-0.0003466736882606902,0.4088527526774127,0.3542416222017732,0.1384743283303456,0.3333333333333333,0.8683423736335539,18.82399634264804,3.2666666666666666,0.8298382818850654,1.0442274215393428,0.89,0.0,-0.014063508755408622,-0.0018087431916837112,0.12475417630542976,0.0,0.0
participant-08,demo-session-segment-0,2026-01-08 12:03:45+00:00,2026-01-08 12:04:14.900000+00:00,1.0,2026-01-08 12:06:19.100000+00:00,0,70.20697212047477,2.1589361066508452,66.58350190705578,74.44133241513171,7.857830508075935,70.31706367988714,3.312576673784136,70.24004842505458,0.2403706753683718,0.09755566641793047,0.1896620592851494,-0.0012166538699192786,0.029330513982380128,-0.077033793355053,0.07631694644129525,0.15335073979634825,-0.002253061110730482,0.04014735746938054,0.029306854151800118,0.0017697988117193453,0.02958438296524125,-0.07856821929755839,0.09154106075043072,0.17010928004798911,0.0021527308316316726,0.03534987804544329,0.029588011945435602,1.0006295415417612,0.02713258550604751,0.915982923431022,1.0907224637641924,0.1747395403331704,1.0005416494956205,0.03511024235969207,1.0009961052263543,1.0014928483609526,0.027241386807672033,0.9163974477948404,1.0909573293317716,0.17455988153693114,1.0016542519193241,0.03521961867605794,1.0018620388204598,-0.00016140355837147605,0.027241386807672033,-0.08525680412448366,0.08930307741244747,0.17455988153693114,0.0,0.03521961867605786,0.027196425545706903,-0.0005347214571222033,0.33134017282371414,-0.9214824977385039,1.23363546678659,2.155117964525094,-0.0043930606794151394,0.4101270643829841,0.33078791043022715,0.1109429267542541,3.3,0.8609087100586682,16.413098145595633,3.3,0.8024407446364371,1.0473836374509085,0.9366666666666666,0.0,-0.025529859496759347,0.03043618404539286,-0.04380097351626987,0.0,0.0008333333333333334
participant-08,demo-session-segment-0,2026-01-08 12:04:00+00:00,2026-01-08 12:04:29.900000+00:00,1.0,2026-01-08 12:06:19.100000+00:00,0,72.06509488451368,1.1460459437797135,70.31186580649248,74.44133241513171,4.129466608639234,71.94449876076021,1.7532508918570215,72.0741766789479,0.028422801889397217,0.1061875140742663,0.21064311986483603,-0.00025861558992862317,0.028658239960384874,-0.07447083101558216,0.06355318222446156,0.1380240132400437,-6.50035257581845e-05,0.03879196550353189,0.02861160517327887,0.002236980870170631,0.030065079280843163,-0.07856821929755839,0.09154106075043072,0.17010928004798911,0.0017507865264973525,0.04098559271304962,0.030098173459580834,0.9980905550572416,0.029152479269680048,0.9014507782182023,1.1019996353041326,0.2005488570859303,0.9989356936352833,0.037353464584970686,0.9985147922048444,0.9989533908744551,0.02917661205159132,0.9020901510060675,1.1022089828165726,0.20011883181050516,0.9999693887293967,0.03667070974184372,0.9993779636594345,-0.0010159978549416511,0.02917661205159132,-0.09787923772332918,0.10223959408717598,0.20011883181050516,0.0,0.03667070974184361,0.0291456576550884,0.0012986669371205998,0.3514138010880323,-0.9214824977385039,1.0425709769303138,1.9640534746688176,-0.02042902636662125,0.45515107432532065,0.3508300261745501,0.12726661762905384,2.0666666666666664,0.8674226998719894,18.462024285534607,3.3,0.7925294607780683,1.0452748542631187,0.9166666666666666,0.0,0.035086281383271495,0.028535593794319927,-0.09922420657689787,0.0,0.0008333333333333334
participant-08,demo-session-segment-0,2026-01-08 12:04:15+00:00,2026-01-08 12:04:44.900000+00:00,1.0,2026-01-08 12:06:19.100000+00:00,0,70.29317241241071,2.168909296431874,66.65117898609671,73.88473915391306,7.23356016781635,70.92352616541376,3.9293074573604514,70.32651402407625,-0.24475402781162026,0.1135570012171181,0.21197286115758612,-0.0005077641765505191,0.029212925678186574,-0.08306236306573127,0.0796916246619275,0.16275398772765876,7.855974110741954e-05,0.03531882694425245,0.029168616714704002,0.001977007933827248,0.02957672450350536,-0.07814017271580354,0.07954681140049646,0.1576869841163,0.0035617440529159905,0.03963166427305161,0.029593500141396188,0.997160463828911,0.030728483707633727,0.9014507782182023,1.1019996353041326,0.2005488570859303,0.9956351332166216,0.04214716263848872,0.9976322382866123,0.9980271244567596,0.03068654508346646,0.9020901510060675,1.1022089828165726,0.20011883181050516,0.9963419145212313,0.04234658528238522,0.9984972039622465,0.0016852099355283093,0.03068654508346646,-0.09425176351516384,0.10586706829534132,0.20011883181050516,0.0,0.04234658528238522,0.030681673707973586,0.0011269867554298922,0.35485490325946417,-0.8785448127080142,1.1112665233555319,1.989811336063546,-0.0081963776866667,0.5167389590209195,0.35426477733263245,0.14077878050419365,3.5,0.8611758840135116,18.82557157052909,3.5,0.798106366422358,1.0435763601807846,0.9033333333333333,0.0,-0.06289161838233018,-0.03718295250403687,-0.06728822431575837,0.0,0.0008333333333333334
participant-08,demo-session-segment-0,2026-01-08 12:04:30+00:00,2026-01-08 12:04:59.900000+00:00,1.0,2026-01-08 12:06:19.100000+00:00,0,68.392863046158,1.0761604288578204,66.65117898609671,70.80108865419813,4.149909668101415,68.2485713051817,1.3596611984094835,68.40130098554364,-0.006031479773095676,0.1048787692330008,0.1904629636478548,-0.0028198720171278497,0.030563240561652823,-0.1063535541915902,0.08078351581762072,0.18713707000921093,-0.0037690378095034047,0.04183948800158235,0.030642285264706946,-0.0013170627539838477,0.028700724595140423,-0.08151403189103215,0.07429149167862047,0.1558055235696526,0.0010046523690750223,0.0373763965566188,0.028683104340530206,1.0005699051940369,0.029600587788098463,0.9110028416504817,1.0922344553324779,0.18123161368199614,1.0011952180886672,0.042100462062756305,1.0010061984463834,1.001448549401204,0.029644758787519224,0.912238605093767,1.0927699060222866,0.18053130092851966,1.0017716913977288,0.042019664196427886,1.0018857616759176,-0.00032314199652491347,0.029644758787519224,-0.08953308630396184,0.09099821462455782,0.18053130092851966,0.0,0.04201966419642775,0.029597073705152268,-0.00041910219236690547,0.362902871663855,-0.9461904559050494,1.1112665233555319,2.0574569792605812,-0.014533776131634424,0.5345191547819697,0.3622977710773931,0.13138995556012312,2.933333333333333,0.870788822092113,19.69142626547874,3.3333333333333335,0.7905589218776826,1.0476311198576382,0.91,0.0,-0.08868809552587481,-0.11836634528252424,-0.07089468834477984,0.0,0.0016666666666666668
participant-08,demo-session-segment-0,2026-01-08 12:04:45+00:00,2026-01-08 12:05:14.900000+00:00,1.0,2026-01-08 12:06:19.100000+00:00,0,70.17814170870842,2.103951247307037,67.01386621016009,73.5590687904311,6.54520258027101,70.24560649348237,3.526395537319061,70.20956793179333,0.2372662598880756,0.08326964791393773,0.15916553156915333,-0.002110342603442832,0.02998026141348634,-0.1063535541915902,0.08819452370312961,0.1945480778947198,-0.000285244407942272,0.04190172993969507,0.030004559099301567,-0.0019799809981420613,0.029222234800925718,-0.0888008782290744,0.07429149167862047,0.16309236990769488,-0.0007537130722885313,0.043110991966969825,0.0292406030744506,0.9994962944207202,0.028076433055548147,0.913600646925905,1.067973808745413,0.1543731618195079,0.9980350083640185,0.03479918017340311,0.9998892443833785,1.0003729559824368,0.028113537261447243,0.9164227669715574,1.0692689578386212,0.15284619086706375,0.9987383859632132,0.035256319812054904,1.0007665998965316,0.0016345700192235797,0.028113537261447247,-0.08231561899165574,0.07053057187540801,0.15284619086706375,0.0,0.035256319812054876,0.028114199732057546,-0.0008022587734456491,0.3568564666583983,-0.9461904559050494,0.8785777016192886,1.824768157524338,-0.009555216307702286,0.4912602968243687,0.356262112714412,0.11816383564693325,3.1333333333333333,0.8777461405960526,19.03903177361749,3.1333333333333333,0.7977118410950926,1.0468886125175088,0.9133333333333333,0.0,-0.0038252775245191883,-0.0282754577772237,-0.054837361895304776,0.0,0.0008333333333333334
participant-08,demo-session-segment-0,2026-01-08 12:05:00+00:00,2026-01-08 12:05:29.900000+00:00,1.0,2026-01-08 12:06:19.100000+00:00,0,71.82453816724744,1.1370219632200136,69.80106478128864,73.5590687904311,3.7580040091424536,71.62999207587919,2.03718976848063,71.83350744942605,-0.003985005638575722,0.09512887736659771,0.17870459980772055,-0.0006730703367802502,0.030068578693436064,-0.08412967623153692,0.09729162078888658,0.18142129702042348,0.0005569371887461539,0.037747168547681245,0.030025967376691342,-0.000988013672249782,0.029746929367885585,-0.09414397249806727,0.07677596557775336,0.17091993807582062,0.00029349368467344785,0.04530302855482668,0.029713740566924027,0.9991647595871981,0.026636607635640644,0.913600646925905,1.0691196166966472,0.1555189697707422,0.9984601555140188,0.03232118161459474,0.9995185644287573,1.0000566078920148,0.026664145717576665,0.9146256164738444,1.0716754927561774,0.1570498762823329,0.9992870859857954,0.032921981779425846,1.0004108284765356,0.0007695219062194587,0.026664145717576665,-0.08466146951195097,0.07238840677038194,0.1570498762823329,-5.551115123125783e-17,0.03292198177942579,0.026630788733897588,0.001156088831674044,0.3314211922536937,-0.8776324839825367,0.7930991292706402,1.6707316132531769,0.002149085955164276,0.42424699113171593,0.33087038226571996,0.10629118916110639,0.23333333333333334,0.8719261270694021,16.421113873952,3.1,0.8025895440218882,1.0465356810744664,0.94,0.0,0.08691302066980502,0.08753720622068284,-0.03657518834291255,0.0,0.0
participant-08,demo-session-segment-0,2026-01-08 12:05:15+00:00,2026-01-08 12:05:44.900000+00:00,1.0,2026-01-08 12:06:19.100000+00:00,0,70.13562058563949,1.8170380600162508,67.21295906832904,73.51856376225082,6.305604693921779,69.99858049127134,2.8587654306452492,70.15907565539867,-0.20584254126244922,0.09266205782925452,0.1692838832282294,-0.00030091242530397826,0.03118114914829924,-0.09560381491837269,0.09729162078888658,0.19289543570725926,-0.0005233919968655656,0.03707266752595886,0.031130591550576472,0.0003683673785058189,0.028905862106060394,-0.09414397249806727,0.07677596557775336,0.17091993807582062,-5.0405966846684205e-05,0.03962299479753738,0.028859996461188454,0.9988844942118942,0.0285886263400558,0.9136647299685885,1.093183587155127,0.17951885718653848,0.9993951147022637,0.03368217336847279,0.9992921584640682,0.9997831235625128,0.028692877235833966,0.9146256164738444,1.0951626304164237,0.18053701394257926,0.9998569039059302,0.034118772296827804,1.0001933968457326,-7.378034341742186e-05,0.028692877235833966,-0.08523128743208574,0.09530572651049352,0.18053701394257926,0.0,0.03411877229682789,0.028645110873052635,0.0029059255125975427,0.3561087806230802,-1.3143493246461846,1.066204107537203,2.3805534321833877,0.018120247906932008,0.46023887991156726,0.35552664667291206,0.12308094395991584,1.9666666666666666,0.8710869000764785,18.959136250461533,3.4,0.8175474609023785,1.0464324253285884,0.92,0.0,0.07052938981244812,0.10401329456091121,-0.026429946360773355,0.0,0.0008333333333333334
participant-08,demo-session-segment-0,2026-01-08 12:05:30+00:00,2026-01-08 12:05:59.900000+00:00,1.0,2026-01-08 12:06:19.100000+00:00,0,68.3060183519192,1.0682277513217477,66.31581619120023,70.14818712882804,3.8323709376278146,68.24004457285272,1.7626538270173882,68.31434292972197,-0.019870984694647452,0.08125184243325666,0.1669524378628552,0.0019427903084017954,0.03085235671661769,-0.10224987991020573,0.08037510864662863,0.18262498855683434,0.0008898916251795438,0.03766222203709141,0.030862103883273196,0.0016389207766050304,0.027186910131757388,-0.0812585808745806,0.07360503491417449,0.15486361578875507,0.0011930626620405493,0.03534570733961119,0.027190998208032002,0.9994917629447893,0.02958086530777329,0.9285753218864925,1.093183587155127,0.16460826526863448,0.9987146820359418,0.03762281122408728,0.9999279449181315,1.0003358922355718,0.029643662541497872,0.9289724536485728,1.0951626304164237,0.16619017676785086,0.9998694648824635,0.03757640053738687,1.0007735582377508,0.00046642735310834703,0.02964366254149787,-0.0708970112338907,0.09529316553396017,0.16619017676785086,0.0,0.03757640053738684,0.029597890593537537,-0.000932061639070713,0.3850634842048286,-1.3143493246461846,1.066204107537203,2.3805534321833877,0.019194084376478182,0.5162650483227402,0.3844223059570054,0.13137298746573034,3.466666666666667,0.8691508233020808,22.166946282207217,3.466666666666667,0.8054712738108061,1.0449826238930564,0.9033333333333333,0.0,-0.11902829887761537,0.1977112744787496,-0.05741647098199738,0.0,0.0025
participant-08,demo-session-segment-0,2026-01-08 12:05:45+00:00,2026-01-08 12:06:14.900000+00:00,1.0,2026-01-08 12:06:19.100000+00:00,0,69.83139905272253,2.097240705344519,66.31581619120023,72.78365891940307,6.4678427282028395,69.69830119766536,3.7031959794406077,69.86278015396667,0.23515085549792272,0.08847447793239226,0.17631438896605273,0.002145574888315764,0.029524795537569083,-0.10224987991020573,0.09771894035526218,0.19996882026546792,-0.00023626136132099199,0.037583218699874445,0.029553533313263568,-0.0005168589568763714,0.02822769482564251,-0.08802195213746761,0.07532894590149616,0.16335089803896377,0.0007719772191161073,0.03484940280631499,0.028185348838838407,0.9999779439081541,0.02940860538942232,0.9306916240465815,1.086850466320683,0.1561588422741016,1.0011443040273105,0.039316513923678076,1.0004088521633676,1.0008097088469012,0.02947063702333517,0.9319031568515835,1.0873359627158796,0.1554328058642961,1.0016940002313484,0.03951797191581885,1.0012420769760388,-0.000884291384447066,0.02947063702333517,-0.06979084337976482,0.08564196248453126,0.1554328058642961,0.0,0.03951797191581888,0.029434764417695682,-0.0005763822527770812,0.3600429565487424,-1.1175956277204657,1.0612407912654975,2.1788364189859633,-0.009034232915517415,0.4593967842397989,0.3594428461869746,0.12984464634660117,1.7333333333333334,0.8642539354909395,19.38002808556393,3.466666666666667,0.8138499784567598,1.0448156946460065,0.9033333333333333,0.0,-0.09237292776236886,0.14385457524936004,-0.037425144362324345,0.0,0.004166666666666667
participant-08,demo-session-segment-0,2026-01-08 12:06:00+00:00,2026-01-08 12:06:29.900000+00:00,0.0,2026-01-08 12:07:59.900000+00:00,0,71.68797235790743,1.0171781602970364,69.1707402238184,73.31428403401941,4.14354381020101,71.89242280970392,1.4981664545472455,71.69516429550775,0.0096003029328672,0.09859166353990978,0.18293722060170564,0.0002693046230401826,0.02718412607270192,-0.08268307866058516,0.09771894035526218,0.18040201901584735,0.0003246586222815928,0.03399668982656532,0.027140117531348703,0.001904908433914508,0.029346478554197808,-0.08802195213746761,0.09421935822258534,0.18224131036005295,0.002777237083259297,0.03559813654096136,0.029359389645026407,1.0004815721606912,0.02944489630015941,0.9306916240465815,1.0724993682516755,0.141807744205094,1.0004686028267826,0.03603624365183877,1.0009133269893362,1.0012796812431675,0.02946083757957081,0.9319031568515835,1.0732614644933562,0.1413583076417727,1.0011123974035914,0.0368372439777116,1.0017115592249126,0.00016728383957598236,0.02946083757957081,-0.06920924055200783,0.07214906708976487,0.1413583076417727,-1.1102230246251565e-16,0.03683724397771171,0.029412170920723766,-0.0003573948820445261,0.34558535127500983,-0.9780044251654463,1.1873337964207176,2.165338221586164,-0.026013305527891606,0.4027345935919291,0.34500908002097674,0.12975733472781523,0.8666666666666667,0.8821569742685917,17.854825417438,3.1666666666666665,0.8462744031449241,1.0445252400884328,0.89,0.0,0.02280098186417633,-0.02257148024654146,-0.04106076009739589,0.0,0.0025
participant-08,demo-session-segment-0,2026-01-08 12:06:15+00:00,2026-01-08 12:06:44.900000+00:00,0.0,2026-01-08 12:07:59.900000+00:00,0,70.17485137028709,1.9778173328620505,66.47964844143966,73.31428403401941,6.834635592579744,70.38178088718229,3.543746644254682,70.20262450250262,-0.21560912709361035,0.11620613811438049,0.23002590972114162,0.00024962248326836225,0.026902878446641364,-0.08268307866058516,0.08316685571412909,0.16584993437471424,0.0014922874670327997,0.03282161027704019,0.02685916287855098,0.002828909245842398,0.02855992459907268,-0.06749287052593694,0.09421935822258534,0.16171222874852229,0.002614651164188117,0.03678315085220591,0.02865227954251192,1.0004506915491176,0.027909647225221386,0.9097140560586957,1.0724993682516755,0.16278531219297976,0.99852030087675,0.03578127002657183,1.00083861742773,1.001223620389378,0.0278235216512734,0.9099781571679756,1.0732614644933562,0.16328330732538066,0.999084665825759,0.0358286706411598,1.0016088587308762,0.0021389545636189863,0.0278235216512734,-0.08910650865778347,0.07417679866759719,0.16328330732538066,5.551115123125783e-17,0.03582867064115974,0.02785934294236872,-0.0014112234339957808,0.35228403293613525,-1.0402909462065368,1.1873337964207176,2.2276247426272544,-0.01910136668831497,0.4394943957624872,0.35169923411980325,0.11573664447996386,2.7333333333333334,0.8889605806648482,18.5536019059393,3.4,0.8339878711161193,1.0439760749855385,0.92,0.0,0.03963370857360453,-0.11951503208683263,-0.0588062313271339,0.0,0.0008333333333333334
participant-08,demo-session-segment-0,2026-01-08 12:06:30+00:00,2026-01-08 12:06:59.900000+00:00,0.0,2026-01-08 12:07:59.900000+00:00,0,68.37748764545499,1.2009389480331074,66.47964844143966,71.25408505814855,4.774436616708883,68.34867616544923,2.022086236063018,68.38799794954323,-0.030890939277927805,0.11163119524775511,0.2195425816402378,0.00034154230692808523,0.02815498287640151,-0.07710898668070637,0.08088140282817467,0.15799038950888106,0.0009311910149603848,0.03727616346898332,0.028110093709946653,0.0012656567331478777,0.028395664995864444,-0.0659965606298995,0.10057077140042975,0.16656733203032925,0.0018205478497703646,0.03464303482422135,0.028376538987133937,0.9974498365109037,0.025343026428033464,0.9097140560586957,1.0671492149431647,0.15743515888446902,0.9975753880593313,0.034290358290123946,0.9977706672615364,0.9982505111703155,0.025293462789264233,0.9099781571679756,1.0680920609782447,0.15811390381026913,0.9984761250587498,0.03425788605769853,0.9985698322004335,-0.00022561388843426474,0.025293462789264233,-0.08849796789077424,0.06961593591949489,0.15811390381026913,0.0,0.03425788605769853,0.0252522797115886,-0.0019416856283505008,0.3165666838980887,-1.0402909462065368,0.8875323509273636,1.9278232971339004,-0.010123076442645762,0.4137445237809348,0.316044596978756,0.09564660452967656,2.1,0.8817741739157778,14.98213377742917,3.6333333333333333,0.8249118609096259,1.0416459068485473,0.9633333333333334,0.0,-0.03159576089713805,0.025152943189232106,0.05722033941522086,0.0,0.0025
participant-08,demo-session-segment-0,2026-01-08 12:06:45+00:00,2026-01-08 12:07:14.900000+00:00,0.0,2026-01-08 12:07:59.900000+00:00,0,70.10408299507307,2.2854989268369206,66.85360586823862,73.88765847691835,7.03405260867973,69.67887560011523,4.535050436474165,70.14120433981856,0.25657219421815863,0.0955240128800926,0.17308967586265098,0.0019033939708850988,0.0290800350595649,-0.07710898668070637,0.11139919130142033,0.1885081779821267,0.002115066217602348,0.03718155894599244,0.029093857075742073,0.0025343960367511676,0.03142109534072416,-0.11079783597484935,0.10955240197563126,0.22035023795048062,0.0023384635863182134,0.038126438117419975,0.031470898381000735,1.0008304487452728,0.028286482383912192,0.9162387893000438,1.113660158096313,0.19742136879626926,1.00090553529475,0.03862073222655338,1.0012287676339013,1.0017457281454165,0.02835650806652335,0.917360797205458,1.1142292107654292,0.1968684135599712,1.0019292886347082,0.03914122724183544,1.0021456556320303,-0.00018356048929165646,0.028356508066523352,-0.08456849142925016,0.11229992213072104,0.1968684135599712,1.1102230246251565e-16,0.03914122724183544,0.028309802878407272,0.0009770493921366751,0.3397426512554826,-1.0619652019708647,1.0282823002074037,2.0902475021782685,-0.01743996344918619,0.45039665441724636,0.33917734811945427,0.12021200405106384,3.6333333333333333,0.8639521034138783,17.256048316790807,3.6333333333333333,0.7934293847276911,1.0476698584283668,0.9233333333333333,0.0,-0.010384824124206255,0.12164792231636544,0.11991628663021518,0.0,0.0033333333333333335
participant-08,demo-session-segment-0,2026-01-08 12:07:00+00:00,2026-01-08 12:07:29.900000+00:00,0.0,2026-01-08 12:07:59.900000+00:00,0,71.99052254345074,1.3157914268222917,69.09692949480515,74.61812994148413,5.521200446678975,72.49199969451652,2.3380887917726625,72.00250601287703,-0.0024507149564198787,0.11752329202469847,0.22774953237158127,0.00032449037937385127,0.030200269030808087,-0.11052483875478009,0.11139919130142033,0.22192403005620043,-0.0008389469885953364,0.040196958779037506,0.030151639359097013,8.505205697790702e-05,0.03040476956404434,-0.11079783597484935,0.10955240197563126,0.22035023795048062,-0.0009971866293001872,0.03759909228767759,0.030354171806429252,1.001740282652588,0.030417569277304705,0.9107183349093879,1.113660158096313,0.2029418231869251,1.0024131059906265,0.04232619821633532,1.0022004481712017,1.0026529572552991,0.03043633726226854,0.9148195692787675,1.1142292107654292,0.19940964148666174,1.003061636200182,0.042425660286408595,1.0031132714786766,-0.00040867894488285614,0.030436337262268544,-0.08824206692141456,0.11116757456524717,0.19940964148666174,-1.1102230246251565e-16,0.04242566028640857,0.030388315885156777,0.0008472289394681987,0.35185163911913453,-1.0619652019708647,1.0282823002074037,2.0902475021782685,-0.005265621803320908,0.4601702046367809,0.3512657519521767,0.13849366058891519,0.23333333333333334,0.8576955087861603,18.508180658942166,3.7666666666666666,0.8236753848879422,1.0491093137533702,0.8933333333333333,0.0,-0.001339364884266363,0.09651270297619906,-0.01012488413505085,0.0,0.0025
participant-08,demo-session-segment-0,2026-01-08 12:07:15+00:00,2026-01-08 12:07:44.900000+00:00,0.0,2026-01-08 12:07:59.900000+00:00,0,70.0415847263881,2.134226206900205,67.0696117008513,74.61812994148413,7.548518240632831,69.1659245245394,4.27266430353221,70.07398468343547,-0.23169033120011145,0.12156296974208211,0.240562684063844,0.0011574520522639952,0.0312895905819278,-0.11052483875478009,0.08549107081040747,0.19601590956518755,1.6962086509962095e-05,0.04379030582831707,0.03125883415039668,-0.0017415928060114238,0.028140565059221318,-0.08171511096431516,0.08806677269394292,0.16978188365825808,-0.0023556849977734995,0.036067066863405876,0.0281475560102124,0.9991696716849581,0.028315213818687776,0.9107183349093879,1.0670436082047146,0.15632527329532664,1.001477805408146,0.03735103404275819,0.9995694631410964,1.0000550793717444,0.02830228884602246,0.9148195692787675,1.069578977951981,0.15475940867321358,1.0026766574854382,0.037349490980421174,1.0004541525057358,-0.002621578113693838,0.02830228884602246,-0.08785708820667071,0.06690232046654288,0.15475940867321358,-1.1102230246251565e-16,0.0373494909804212,0.0283764367134096,-0.00031693995217446126,0.3412025091975081,-1.4310984278939431,1.1431538918120454,2.5742523197059883,-0.0013804037607889619,0.42734686156945006,0.3406335111122607,0.11975265962141686,1.8,0.8828363357092649,17.404848336371614,2.8666666666666667,0.8244239191071056,1.0466540514898213,0.9066666666666666,0.0,-0.02953708572395031,0.040338810557450394,-0.04381427057886338,0.0,0.0008333333333333334
participant-08,demo-session-segment-0,2026-01-08 12:07:30+00:00,2026-01-08 12:07:59.900000+00:00,0.0,2026-01-08 12:07:59.900000+00:00,0,68.01607312520065,0.6819278529955752,66.76257693104199,69.58594861497704,2.8233716839350507,68.07905313593935,0.895085157066049,68.01948014270626,-0.008129756792722789,0.10312799349554537,0.20002721067611515,0.003791033441227442,0.02875945805108978,-0.09886797541038196,0.07149611849091425,0.1703640939012962,0.0048046460073837335,0.0397337693970803,0.02896068611963909,0.0009608613868580443,0.028662094691218876,-0.09629759812777519,0.08806677269394292,0.1843643708217181,3.462256903591929e-05,0.03675337102116183,0.028630412870224633,1.0009573666322182,0.03001303267093409,0.9163946759219836,1.0937648827443485,0.17737020682236482,1.0027627792687674,0.03828533017383773,1.001405726635469,1.0017851574758996,0.030022558089752023,0.9171350619778444,1.0937671493505665,0.17663208737272207,1.003513479035401,0.03807824890412803,1.0022334315018389,-0.001728321559501436,0.030022558089752023,-0.08637841705755656,0.09025367031516551,0.17663208737272207,0.0,0.03807824890412809,0.030022268008120193,-0.00034743127628878546,0.3729510468547476,-1.4310984278939431,1.1821685966965911,2.6132670245905345,-0.0013804037607889619,0.45240951985674904,0.3723291050232,0.1347546791430674,1.7666666666666666,0.8878753264569967,20.794991462257997,3.0,0.8338184762159268,1.046499311900954,0.9,0.0,0.0051543579904970195,-0.03327178599457473,0.06045654616719926,0.0,0.0016666666666666668
